Gene_set,Term,Overlap,P-value,Adjusted P-value,Old P-value,Old Adjusted P-value,Odds Ratio,Combined Score,Genes
GO_Biological_Process_2023,Glucose Metabolic Process (GO:0006006),3/59,6.040948698879188e-05,0.0126002822041677,0,0,46.392857142857146,450.67711965759867,G6PD;DCXR;SLC25A10
GO_Biological_Process_2023,Sulfate Transport (GO:0008272),2/11,8.873438171949139e-05,0.0126002822041677,0,0,184.86111111111111,1724.7288639352953,SLC25A10;SLC26A11
GO_Biological_Process_2023,Sulfur Compound Transport (GO:0072348),2/21,0.00033610896412624667,0.031818315270618,0,0,87.5219298245614,700.0069722356327,SLC25A10;SLC26A11
GO_Biological_Process_2023,Organophosphate Biosynthetic Process (GO:0090407),2/34,0.0008886174067263165,0.0569843027724035,0,0,51.932291666666664,364.8681683209649,G6PD;ITPKA
GO_Biological_Process_2023,Carboxylic Acid Transmembrane Transport (GO:1905039),2/39,0.0011690594812284,0.0569843027724035,0,0,44.90315315315315,303.1661403214672,SLC7A5;SLC25A10
GO_Biological_Process_2023,Nitrogen Compound Transport (GO:0071705),3/163,0.0012038937205437,0.0569843027724035,0,0,16.152717391304346,108.58170329072723,SLC7A5;SLC25A10;SLC26A11
GO_Biological_Process_2023,Hexose Metabolic Process (GO:0019318),2/45,0.0015544397883284,0.0630658428407558,0,0,38.62596899224806,249.7802385575595,G6PD;DCXR
GO_Biological_Process_2023,Carboxylic Acid Transport (GO:0046942),2/53,0.0021498891156678,0.0763210636062074,0,0,32.55392156862745,199.9572224537016,SLC7A5;SLC25A10
GO_Biological_Process_2023,Inorganic Anion Transport (GO:0015698),2/58,0.002568667694765,0.0810557361459198,0,0,29.639880952380953,176.7831551405804,SLC25A10;SLC26A11
GO_Biological_Process_2023,Succinate Transport (GO:0015744),1/5,0.0064836893697988,0.0880004698884482,0,0,199.7,1006.1815770136444,SLC25A10
GO_Biological_Process_2023,Mesenchymal Cell Differentiation Involved In Kidney Development (GO:0072161),1/5,0.0064836893697988,0.0880004698884482,0,0,199.7,1006.1815770136444,WNT4
GO_Biological_Process_2023,Regulation Of Cortisol Biosynthetic Process (GO:2000064),1/6,0.007775574144635,0.0880004698884482,0,0,159.752,775.8783981291459,WNT4
GO_Biological_Process_2023,Negative Regulation Of Steroid Metabolic Process (GO:0045939),1/6,0.007775574144635,0.0880004698884482,0,0,159.752,775.8783981291459,WNT4
GO_Biological_Process_2023,Regulation Of Male Gonad Development (GO:2000018),1/6,0.007775574144635,0.0880004698884482,0,0,159.752,775.8783981291459,WNT4
GO_Biological_Process_2023,Insulin Secretion Involved In Cellular Response To Glucose Stimulus (GO:0035773),1/6,0.007775574144635,0.0880004698884482,0,0,159.752,775.8783981291459,PTPRN2
GO_Biological_Process_2023,Regulation Of Aldosterone Biosynthetic Process (GO:0032347),1/6,0.007775574144635,0.0880004698884482,0,0,159.752,775.8783981291459,WNT4
GO_Biological_Process_2023,Ribose Phosphate Biosynthetic Process (GO:0046390),1/6,0.007775574144635,0.0880004698884482,0,0,159.752,775.8783981291459,G6PD
GO_Biological_Process_2023,Monoatomic Ion Transport (GO:0006811),2/107,0.00847522932542,0.0880004698884482,0,0,15.76904761904762,75.2279378963654,SLC25A10;SLC26A11
GO_Biological_Process_2023,Cellular Response To Salt (GO:1902075),2/109,0.0087825701831152,0.0880004698884482,0,0,15.472741433021806,73.26321689246383,ITPKA;CACNA1H
GO_Biological_Process_2023,Olefinic Compound Biosynthetic Process (GO:0120255),1/7,0.0090658443341152,0.0880004698884482,0,0,133.12,626.0954814439701,CACNA1H
GO_Biological_Process_2023,Sulfur Amino Acid Transport (GO:0000101),1/7,0.0090658443341152,0.0880004698884482,0,0,133.12,626.0954814439701,SLC7A5
GO_Biological_Process_2023,Thyroid Hormone Transport (GO:0070327),1/7,0.0090658443341152,0.0880004698884482,0,0,133.12,626.0954814439701,SLC7A5
GO_Biological_Process_2023,Monosaccharide Biosynthetic Process (GO:0046364),1/7,0.0090658443341152,0.0880004698884482,0,0,133.12,626.0954814439701,G6PD
GO_Biological_Process_2023,Aromatic Amino Acid Transport (GO:0015801),1/7,0.0090658443341152,0.0880004698884482,0,0,133.12,626.0954814439701,SLC7A5
GO_Biological_Process_2023,Sialylation (GO:0097503),1/7,0.0090658443341152,0.0880004698884482,0,0,133.12,626.0954814439701,ST3GAL1
GO_Biological_Process_2023,Proline Transport (GO:0015824),1/8,0.0103545017362565,0.0880004698884482,0,0,114.09714285714286,521.4620402892078,SLC7A5
GO_Biological_Process_2023,Regulation Of Postsynaptic Neurotransmitter Receptor Activity (GO:0098962),1/9,0.0116415481869311,0.0880004698884482,0,0,99.83,444.5604442545611,DLGAP3
GO_Biological_Process_2023,Cell Differentiation Involved In Metanephros Development (GO:0072202),1/9,0.0116415481869311,0.0880004698884482,0,0,99.83,444.5604442545611,WNT4
GO_Biological_Process_2023,Hormone Transport (GO:0009914),1/9,0.0116415481869311,0.0880004698884482,0,0,99.83,444.5604442545611,SLC7A5
GO_Biological_Process_2023,Adrenal Gland Development (GO:0030325),1/9,0.0116415481869311,0.0880004698884482,0,0,99.83,444.5604442545611,WNT4
GO_Biological_Process_2023,Amino Sugar Metabolic Process (GO:0006040),1/9,0.0116415481869311,0.0880004698884482,0,0,99.83,444.5604442545611,ST3GAL1
GO_Biological_Process_2023,Ketone Biosynthetic Process (GO:0042181),1/9,0.0116415481869311,0.0880004698884482,0,0,99.83,444.5604442545611,CACNA1H
GO_Biological_Process_2023,Leucine Transport (GO:0015820),1/9,0.0116415481869311,0.0880004698884482,0,0,99.83,444.5604442545611,SLC7A5
GO_Biological_Process_2023,Phosphate Ion Transmembrane Transport (GO:0035435),1/10,0.0129269855424658,0.0880004698884482,0,0,88.73333333333333,385.85142072369416,SLC25A10
GO_Biological_Process_2023,Metanephric Mesenchyme Development (GO:0072075),1/10,0.0129269855424658,0.0880004698884482,0,0,88.73333333333333,385.85142072369416,WNT4
GO_Biological_Process_2023,N-acetylneuraminate Metabolic Process (GO:0006054),1/10,0.0129269855424658,0.0880004698884482,0,0,88.73333333333333,385.85142072369416,ST3GAL1
GO_Biological_Process_2023,Mitotic DNA Replication (GO:1902969),1/10,0.0129269855424658,0.0880004698884482,0,0,88.73333333333333,385.85142072369416,TK1
GO_Biological_Process_2023,Regulation Of Long-Term Neuronal Synaptic Plasticity (GO:0048169),1/10,0.0129269855424658,0.0880004698884482,0,0,88.73333333333333,385.85142072369416,SYNGR1
GO_Biological_Process_2023,Negative Regulation Of Steroid Biosynthetic Process (GO:0010894),1/10,0.0129269855424658,0.0880004698884482,0,0,88.73333333333333,385.85142072369416,WNT4
GO_Biological_Process_2023,Inositol Phosphate Biosynthetic Process (GO:0032958),1/10,0.0129269855424658,0.0880004698884482,0,0,88.73333333333333,385.85142072369416,ITPKA
GO_Biological_Process_2023,Branched-Chain Amino Acid Transport (GO:0015803),1/10,0.0129269855424658,0.0880004698884482,0,0,88.73333333333333,385.85142072369416,SLC7A5
GO_Biological_Process_2023,Cellular Response To Metal Ion (GO:0071248),2/135,0.0132203349808127,0.0880004698884482,0,0,12.43170426065163,53.779541516860334,ITPKA;CACNA1H
GO_Biological_Process_2023,Erythrocyte Development (GO:0048821),1/11,0.0142108156769532,0.0880004698884482,0,0,79.856,339.6876146735057,G6PD
GO_Biological_Process_2023,Pentose-Phosphate Shunt (GO:0006098),1/11,0.0142108156769532,0.0880004698884482,0,0,79.856,339.6876146735057,G6PD
GO_Biological_Process_2023,Cellular Response To Oxygen-Containing Compound (GO:1901701),3/406,0.015271336581995,0.0880004698884482,0,0,6.334340274031718,26.488802481902617,ITPKA;PPM1E;CACNA1H
GO_Biological_Process_2023,Calcium Ion Import (GO:0070509),1/12,0.0154930404733183,0.0880004698884482,0,0,72.59272727272727,302.5203442580517,CACNA1H
GO_Biological_Process_2023,C4-dicarboxylate Transport (GO:0015740),1/12,0.0154930404733183,0.0880004698884482,0,0,72.59272727272727,302.5203442580517,SLC25A10
GO_Biological_Process_2023,NADPH Regeneration (GO:0006740),1/12,0.0154930404733183,0.0880004698884482,0,0,72.59272727272727,302.5203442580517,G6PD
GO_Biological_Process_2023,Positive Regulation Of Alcohol Biosynthetic Process (GO:1902932),1/12,0.0154930404733183,0.0880004698884482,0,0,72.59272727272727,302.5203442580517,WNT4
GO_Biological_Process_2023,Alanine Transport (GO:0032328),1/12,0.0154930404733183,0.0880004698884482,0,0,72.59272727272727,302.5203442580517,SLC7A5
GO_Biological_Process_2023,Regulation Of Short-Term Neuronal Synaptic Plasticity (GO:0048172),1/13,0.0167736618234459,0.0924848791251018,0,0,66.54,272.01188501169923,SYNGR1
GO_Biological_Process_2023,Mammary Gland Epithelium Development (GO:0061180),1/14,0.0180526816175866,0.0924848791251018,0,0,61.418461538461536,246.562020931719,WNT4
GO_Biological_Process_2023,Synaptic Vesicle Membrane Organization (GO:0048499),1/14,0.0180526816175866,0.0924848791251018,0,0,61.418461538461536,246.562020931719,SYNGR1
GO_Biological_Process_2023,Resolution Of Meiotic Recombination Intermediates (GO:0000712),1/14,0.0180526816175866,0.0924848791251018,0,0,61.418461538461536,246.562020931719,CENPX
GO_Biological_Process_2023,Ganglioside Biosynthetic Process (GO:0001574),1/15,0.0193301017548387,0.0924848791251018,0,0,57.02857142857143,225.0399736139121,ST3GAL1
GO_Biological_Process_2023,Polyol Biosynthetic Process (GO:0046173),1/15,0.0193301017548387,0.0924848791251018,0,0,57.02857142857143,225.0399736139121,ITPKA
GO_Biological_Process_2023,Positive Regulation Of Collagen Biosynthetic Process (GO:0032967),1/15,0.0193301017548387,0.0924848791251018,0,0,57.02857142857143,225.0399736139121,WNT4
GO_Biological_Process_2023,Keratan Sulfate Biosynthetic Process (GO:0018146),1/15,0.0193301017548387,0.0924848791251018,0,0,57.02857142857143,225.0399736139121,ST3GAL1
GO_Biological_Process_2023,Regulation Of Secretion (GO:0051046),1/16,0.0206059241328129,0.0924848791251018,0,0,53.224,206.6249708321616,PTPRN2
GO_Biological_Process_2023,Regulation Of Steroid Biosynthetic Process (GO:0050810),1/16,0.0206059241328129,0.0924848791251018,0,0,53.224,206.6249708321616,WNT4
GO_Biological_Process_2023,Positive Regulation Of Collagen Metabolic Process (GO:0010714),1/16,0.0206059241328129,0.0924848791251018,0,0,53.224,206.6249708321616,WNT4
GO_Biological_Process_2023,Negative Regulation Of Nucleic Acid-Templated Transcription (GO:1903507),3/456,0.0207482930767522,0.0924848791251018,0,0,5.620788943276706,21.78219447443743,CBX4;E2F1;WNT4
GO_Biological_Process_2023,Peptidyl-Threonine Dephosphorylation (GO:0035970),1/17,0.0218801506534414,0.0924848791251018,0,0,49.895,190.70744238188936,PPM1E
GO_Biological_Process_2023,Keratan Sulfate Metabolic Process (GO:0042339),1/17,0.0218801506534414,0.0924848791251018,0,0,49.895,190.70744238188936,ST3GAL1
GO_Biological_Process_2023,Nicotinamide Nucleotide Metabolic Process (GO:0046496),1/17,0.0218801506534414,0.0924848791251018,0,0,49.895,190.70744238188936,G6PD
GO_Biological_Process_2023,Regulation Of Collagen Biosynthetic Process (GO:0032965),1/18,0.0231527832149216,0.0924848791251018,0,0,46.95764705882353,176.82560723797164,WNT4
GO_Biological_Process_2023,Positive Regulation Of Interleukin-4 Production (GO:0032753),1/18,0.0231527832149216,0.0924848791251018,0,0,46.95764705882353,176.82560723797164,SLC7A5
GO_Biological_Process_2023,Glucose 6-Phosphate Metabolic Process (GO:0051156),1/18,0.0231527832149216,0.0924848791251018,0,0,46.95764705882353,176.82560723797164,G6PD
GO_Biological_Process_2023,Myoblast Fusion (GO:0007520),1/18,0.0231527832149216,0.0924848791251018,0,0,46.95764705882353,176.82560723797164,CACNA1H
GO_Biological_Process_2023,Regulation Of Nervous System Process (GO:0031644),1/18,0.0231527832149216,0.0924848791251018,0,0,46.95764705882353,176.82560723797164,DLGAP3
GO_Biological_Process_2023,Negative Regulation Of Macromolecule Metabolic Process (GO:0010605),2/186,0.0241514800180625,0.0924848791251018,0,0,8.96286231884058,33.37240774816722,SLC7A5;WNT4
GO_Biological_Process_2023,Phosphate Ion Transport (GO:0006817),1/19,0.0244238237126149,0.0924848791251018,0,0,44.346666666666664,164.6235293172426,SLC25A10
GO_Biological_Process_2023,NADP Metabolic Process (GO:0006739),1/19,0.0244238237126149,0.0924848791251018,0,0,44.346666666666664,164.6235293172426,G6PD
GO_Biological_Process_2023,Regulation Of Transcription Involved In G1/S Transition Of Mitotic Cell Cycle (GO:0000083),1/19,0.0244238237126149,0.0924848791251018,0,0,44.346666666666664,164.6235293172426,E2F1
GO_Biological_Process_2023,Insulin Secretion (GO:0030073),1/19,0.0244238237126149,0.0924848791251018,0,0,44.346666666666664,164.6235293172426,PTPRN2
GO_Biological_Process_2023,Xenobiotic Transport (GO:0042908),1/20,0.0256932740553108,0.0947648030091984,0,0,42.01052631578948,153.82263569148483,SLC7A5
GO_Biological_Process_2023,Positive Regulation Of Embryonic Development (GO:0040019),1/20,0.0256932740553108,0.0947648030091984,0,0,42.01052631578948,153.82263569148483,WNT4
GO_Biological_Process_2023,Positive Regulation Of Smoothened Signaling Pathway (GO:0045880),1/21,0.0269611361380806,0.097763231318295,0,0,39.908,144.2019250738276,TEDC2
GO_Biological_Process_2023,Mammary Gland Development (GO:0030879),1/22,0.0282274118595077,0.097763231318295,0,0,38.00571428571429,135.5839309094672,WNT4
GO_Biological_Process_2023,peptidyl-L-cysteine S-palmitoylation (GO:0018230),1/22,0.0282274118595077,0.097763231318295,0,0,38.00571428571429,135.5839309094672,ZDHHC11B
GO_Biological_Process_2023,peptidyl-S-diacylglycerol-L-cysteine Biosynthetic Process From Peptidyl-Cysteine (GO:0018231),1/22,0.0282274118595077,0.097763231318295,0,0,38.00571428571429,135.5839309094672,ZDHHC11B
GO_Biological_Process_2023,Inositol Phosphate Metabolic Process (GO:0043647),1/22,0.0282274118595077,0.097763231318295,0,0,38.00571428571429,135.5839309094672,ITPKA
GO_Biological_Process_2023,Regulation Of Interleukin-4 Production (GO:0032673),1/23,0.0294921031126646,0.0981402264010897,0,0,36.276363636363634,127.82458269039886,SLC7A5
GO_Biological_Process_2023,Hepaticobiliary System Development (GO:0061008),1/23,0.0294921031126646,0.0981402264010897,0,0,36.276363636363634,127.82458269039886,WNT4
GO_Biological_Process_2023,Endocrine System Development (GO:0035270),1/23,0.0294921031126646,0.0981402264010897,0,0,36.276363636363634,127.82458269039886,WNT4
GO_Biological_Process_2023,Regulation Of Cytokine Production Involved In Immune Response (GO:0002718),1/24,0.0307552117947077,0.0981402264010897,0,0,34.697391304347825,120.8057619164666,SLC7A5
GO_Biological_Process_2023,Positive Regulation Of Interleukin-17 Production (GO:0032740),1/24,0.0307552117947077,0.0981402264010897,0,0,34.697391304347825,120.8057619164666,SLC7A5
GO_Biological_Process_2023,Dicarboxylic Acid Transport (GO:0006835),1/24,0.0307552117947077,0.0981402264010897,0,0,34.697391304347825,120.8057619164666,SLC25A10
GO_Biological_Process_2023,Secondary Alcohol Biosynthetic Process (GO:1902653),1/24,0.0307552117947077,0.0981402264010897,0,0,34.697391304347825,120.8057619164666,G6PD
GO_Biological_Process_2023,Negative Regulation Of Lipid Biosynthetic Process (GO:0051055),1/25,0.0320167398038226,0.098834283742235,0,0,33.25,114.42975510355669,WNT4
GO_Biological_Process_2023,Cholesterol Biosynthetic Process (GO:0006695),1/25,0.0320167398038226,0.098834283742235,0,0,33.25,114.42975510355669,G6PD
GO_Biological_Process_2023,Myotube Differentiation (GO:0014902),1/25,0.0320167398038226,0.098834283742235,0,0,33.25,114.42975510355669,CACNA1H
GO_Biological_Process_2023,L-amino Acid Transport (GO:0015807),1/26,0.0332766890274869,0.10053808174262,0,0,31.9184,108.61506451316906,SLC7A5
GO_Biological_Process_2023,Cellular Response To Xenobiotic Stimulus (GO:0071466),1/26,0.0332766890274869,0.10053808174262,0,0,31.9184,108.61506451316906,PPM1E
GO_Biological_Process_2023,Amino Acid Import Across Plasma Membrane (GO:0089718),1/27,0.0345350613606546,0.1026756350333884,0,0,30.689230769230768,103.29320526635196,SLC7A5
GO_Biological_Process_2023,Regulation Of Cell Growth (GO:0001558),2/227,0.0348604661087462,0.1026756350333884,0,0,7.314444444444445,24.550214997471855,GNG4;TMEM97
GO_Biological_Process_2023,Sterol Biosynthetic Process (GO:0016126),1/28,0.0357918586912164,0.1026756350333884,0,0,29.551111111111112,98.40622903757162,G6PD
GO_Biological_Process_2023,Diterpenoid Metabolic Process (GO:0016101),1/28,0.0357918586912164,0.1026756350333884,0,0,29.551111111111112,98.40622903757162,E2F1
GO_Biological_Process_2023,Positive Regulation Of Fibroblast Proliferation (GO:0048146),1/28,0.0357918586912164,0.1026756350333884,0,0,29.551111111111112,98.40622903757162,E2F1
GO_Biological_Process_2023,Carbohydrate Derivative Biosynthetic Process (GO:1901137),1/29,0.0370470829069464,0.1041719955007207,0,0,28.494285714285713,93.90478962861955,G6PD
GO_Biological_Process_2023,Negative Regulation Of DNA Binding (GO:0043392),1/29,0.0370470829069464,0.1041719955007207,0,0,28.494285714285713,93.90478962861955,E2F1
GO_Biological_Process_2023,Protein Palmitoylation (GO:0018345),1/30,0.0383007358905153,0.1066412646363368,0,0,27.51034482758621,89.74661743899148,ZDHHC11B
GO_Biological_Process_2023,Negative Regulation Of Fat Cell Differentiation (GO:0045599),1/32,0.0408033357136717,0.1069313668593608,0,0,25.732903225806453,82.31933722871672,E2F1
GO_Biological_Process_2023,Gluconeogenesis (GO:0006094),1/32,0.0408033357136717,0.1069313668593608,0,0,25.732903225806453,82.31933722871672,SLC25A10
GO_Biological_Process_2023,Negative Regulation Of DNA-templated Transcription (GO:0045892),4/1025,0.0417250355071649,0.1069313668593608,0,0,3.375122428991185,10.721596024321778,CBX8;CBX4;E2F1;WNT4
GO_Biological_Process_2023,Carboxylic Acid Metabolic Process (GO:0019752),1/33,0.0420522863055333,0.1069313668593608,0,0,24.9275,78.99129706265623,ST3GAL1
GO_Biological_Process_2023,Negative Regulation Of Small Molecule Metabolic Process (GO:0062014),1/33,0.0420522863055333,0.1069313668593608,0,0,24.9275,78.99129706265623,WNT4
GO_Biological_Process_2023,Positive Regulation Of Reproductive Process (GO:2000243),1/33,0.0420522863055333,0.1069313668593608,0,0,24.9275,78.99129706265623,CACNA1H
GO_Biological_Process_2023,Positive Regulation Of Cytokine Production Involved In Immune Response (GO:0002720),1/33,0.0420522863055333,0.1069313668593608,0,0,24.9275,78.99129706265623,SLC7A5
GO_Biological_Process_2023,DNA Damage Checkpoint Signaling (GO:0000077),1/34,0.0432996732000933,0.1069313668593608,0,0,24.170909090909092,75.88723251587066,E2F1
GO_Biological_Process_2023,Cellular Response To Glucose Stimulus (GO:0071333),1/34,0.0432996732000933,0.1069313668593608,0,0,24.170909090909092,75.88723251587066,PTPRN2
GO_Biological_Process_2023,Purine Nucleotide Metabolic Process (GO:0006163),1/34,0.0432996732000933,0.1069313668593608,0,0,24.170909090909092,75.88723251587066,G6PD
GO_Biological_Process_2023,Regulation Of Interleukin-17 Production (GO:0032660),1/34,0.0432996732000933,0.1069313668593608,0,0,24.170909090909092,75.88723251587066,SLC7A5
GO_Biological_Process_2023,Regulation Of Blood Circulation (GO:1903522),1/34,0.0432996732000933,0.1069313668593608,0,0,24.170909090909092,75.88723251587066,CACNA1H
GO_Biological_Process_2023,Regulation Of Neuronal Synaptic Plasticity (GO:0048168),1/34,0.0432996732000933,0.1069313668593608,0,0,24.170909090909092,75.88723251587066,SYNGR1
GO_Biological_Process_2023,Hexose Biosynthetic Process (GO:0019319),1/35,0.0445454982675267,0.1072111992201491,0,0,23.458823529411763,72.98612815583363,SLC25A10
GO_Biological_Process_2023,Neutral Amino Acid Transport (GO:0015804),1/35,0.0445454982675267,0.1072111992201491,0,0,23.458823529411763,72.98612815583363,SLC7A5
GO_Biological_Process_2023,Liver Development (GO:0001889),1/35,0.0445454982675267,0.1072111992201491,0,0,23.458823529411763,72.98612815583363,WNT4
GO_Biological_Process_2023,Interstrand Cross-Link Repair (GO:0036297),1/36,0.0457897633734358,0.1088072097599611,0,0,22.78742857142857,70.2694731674912,CENPX
GO_Biological_Process_2023,Calcium Ion Import Across Plasma Membrane (GO:0098703),1/37,0.0470324704132764,0.1088072097599611,0,0,22.153333333333332,67.72090251278901,CACNA1H
GO_Biological_Process_2023,RNA Stabilization (GO:0043489),1/37,0.0470324704132764,0.1088072097599611,0,0,22.153333333333332,67.72090251278901,E2F1
GO_Biological_Process_2023,Positive Regulation Of Production Of Molecular Mediator Of Immune Response (GO:0002702),1/38,0.048273621231532,0.1088072097599611,0,0,21.553513513513515,65.32589775680604,SLC7A5
GO_Biological_Process_2023,Import Into Cell (GO:0098657),1/38,0.048273621231532,0.1088072097599611,0,0,21.553513513513515,65.32589775680604,SLC7A5
GO_Biological_Process_2023,Positive Regulation Of Bone Mineralization (GO:0030501),1/38,0.048273621231532,0.1088072097599611,0,0,21.553513513513515,65.32589775680604,WNT4
GO_Biological_Process_2023,Response To Transforming Growth Factor Beta (GO:0071559),1/38,0.048273621231532,0.1088072097599611,0,0,21.553513513513515,65.32589775680604,WNT4
GO_Biological_Process_2023,Signal Release From Synapse (GO:0099643),1/38,0.048273621231532,0.1088072097599611,0,0,21.553513513513515,65.32589775680604,PTPRN2
GO_Biological_Process_2023,L-alpha-amino Acid Transmembrane Transport (GO:1902475),1/40,0.0507512617202016,0.1090715715745628,0,0,20.446153846153845,60.94627977000699,SLC7A5
GO_Biological_Process_2023,Retinoid Metabolic Process (GO:0001523),1/40,0.0507512617202016,0.1090715715745628,0,0,20.446153846153845,60.94627977000699,E2F1
GO_Biological_Process_2023,Nucleic Acid-Templated Transcription (GO:0097659),1/40,0.0507512617202016,0.1090715715745628,0,0,20.446153846153845,60.94627977000699,E2F1
GO_Biological_Process_2023,Negative Regulation Of mRNA Catabolic Process (GO:1902373),1/41,0.0519877551216325,0.1090715715745628,0,0,19.934,58.93979602481205,E2F1
GO_Biological_Process_2023,O-glycan Processing (GO:0016266),1/41,0.0519877551216325,0.1090715715745628,0,0,19.934,58.93979602481205,ST3GAL1
GO_Biological_Process_2023,Positive Regulation Of Ossification (GO:0045778),1/41,0.0519877551216325,0.1090715715745628,0,0,19.934,58.93979602481205,WNT4
GO_Biological_Process_2023,Non-Canonical Wnt Signaling Pathway (GO:0035567),1/41,0.0519877551216325,0.1090715715745628,0,0,19.934,58.93979602481205,WNT4
GO_Biological_Process_2023,Substantia Nigra Development (GO:0021762),1/42,0.0532226997674706,0.1090715715745628,0,0,19.44682926829268,57.04280645506714,G6PD
GO_Biological_Process_2023,DNA Integrity Checkpoint Signaling (GO:0031570),1/42,0.0532226997674706,0.1090715715745628,0,0,19.44682926829268,57.04280645506714,E2F1
GO_Biological_Process_2023,Amino Acid Transmembrane Transport (GO:0003333),1/42,0.0532226997674706,0.1090715715745628,0,0,19.44682926829268,57.04280645506714,SLC7A5
GO_Biological_Process_2023,Regulation Of Neurotransmitter Receptor Activity (GO:0099601),1/42,0.0532226997674706,0.1090715715745628,0,0,19.44682926829268,57.04280645506714,DLGAP3
GO_Biological_Process_2023,DNA-templated DNA Replication Maintenance Of Fidelity (GO:0045005),1/43,0.0544560975367494,0.1090715715745628,0,0,18.982857142857146,55.24695668935345,CENPX
GO_Biological_Process_2023,Positive Regulation Of Biomineral Tissue Development (GO:0070169),1/43,0.0544560975367494,0.1090715715745628,0,0,18.982857142857146,55.24695668935345,WNT4
GO_Biological_Process_2023,Positive Regulation Of Stress Fiber Assembly (GO:0051496),1/43,0.0544560975367494,0.1090715715745628,0,0,18.982857142857146,55.24695668935345,PPM1E
GO_Biological_Process_2023,Neurotransmitter Secretion (GO:0007269),1/43,0.0544560975367494,0.1090715715745628,0,0,18.982857142857146,55.24695668935345,PTPRN2
GO_Biological_Process_2023,Phosphatidylinositol Phosphate Biosynthetic Process (GO:0046854),1/44,0.0556879502757451,0.1090715715745628,0,0,18.54046511627907,53.54470543982107,ITPKA
GO_Biological_Process_2023,Regulation Of Transport (GO:0051049),1/44,0.0556879502757451,0.1090715715745628,0,0,18.54046511627907,53.54470543982107,PTPRN2
GO_Biological_Process_2023,Positive Regulation Of Osteoblast Differentiation (GO:0045669),1/44,0.0556879502757451,0.1090715715745628,0,0,18.54046511627907,53.54470543982107,WNT4
GO_Biological_Process_2023,Positive Regulation Of Biosynthetic Process (GO:0009891),1/44,0.0556879502757451,0.1090715715745628,0,0,18.54046511627907,53.54470543982107,WNT4
GO_Biological_Process_2023,Male Gonad Development (GO:0008584),1/46,0.0581470280983653,0.1093626223836805,0,0,17.714666666666666,50.394338453793885,WNT4
GO_Biological_Process_2023,Protein Sumoylation (GO:0016925),1/46,0.0581470280983653,0.1093626223836805,0,0,17.714666666666666,50.394338453793885,CBX4
GO_Biological_Process_2023,Regulation Of Fibroblast Proliferation (GO:0048145),1/46,0.0581470280983653,0.1093626223836805,0,0,17.714666666666666,50.394338453793885,E2F1
GO_Biological_Process_2023,Replication Fork Processing (GO:0031297),1/46,0.0581470280983653,0.1093626223836805,0,0,17.714666666666666,50.394338453793885,CENPX
GO_Biological_Process_2023,Amino Acid Transport (GO:0006865),1/46,0.0581470280983653,0.1093626223836805,0,0,17.714666666666666,50.394338453793885,SLC7A5
GO_Biological_Process_2023,Development Of Primary Male Sexual Characteristics (GO:0046546),1/46,0.0581470280983653,0.1093626223836805,0,0,17.714666666666666,50.394338453793885,WNT4
GO_Biological_Process_2023,Epithelial To Mesenchymal Transition (GO:0001837),1/47,0.059374256882127,0.1109361115429216,0,0,17.328695652173913,48.93440890536594,WNT4
GO_Biological_Process_2023,Regulation Of DNA Binding (GO:0051101),1/48,0.0605999480502736,0.1117557483524526,0,0,16.959148936170212,47.54431675958979,E2F1
GO_Biological_Process_2023,Positive Regulation Of Reactive Oxygen Species Metabolic Process (GO:2000379),1/48,0.0605999480502736,0.1117557483524526,0,0,16.959148936170212,47.54431675958979,DCXR
GO_Biological_Process_2023,Intrinsic Apoptotic Signaling Pathway In Response To DNA Damage (GO:0008630),1/49,0.061824103460221,0.1132777121464695,0,0,16.605,46.219385960868735,E2F1
GO_Biological_Process_2023,Regulation Of Smoothened Signaling Pathway (GO:0008589),1/51,0.0642678143574904,0.1155193625159954,0,0,15.9392,43.74826370127252,TEDC2
GO_Biological_Process_2023,Regulated Exocytosis (GO:0045055),1/51,0.0642678143574904,0.1155193625159954,0,0,15.9392,43.74826370127252,SYNGR1
GO_Biological_Process_2023,Positive Regulation Of Actin Filament Bundle Assembly (GO:0032233),1/51,0.0642678143574904,0.1155193625159954,0,0,15.9392,43.74826370127252,PPM1E
GO_Biological_Process_2023,Cell Cycle G1/S Phase Transition (GO:0044843),1/52,0.0654873735382244,0.1162229130519912,0,0,15.625882352941176,42.59456028736928,E2F1
GO_Biological_Process_2023,Neurotransmitter Transport (GO:0006836),1/52,0.0654873735382244,0.1162229130519912,0,0,15.625882352941176,42.59456028736928,PTPRN2
GO_Biological_Process_2023,mRNA Stabilization (GO:0048255),1/53,0.0667054043220935,0.1162229130519912,0,0,15.324615384615385,41.49092576513871,E2F1
GO_Biological_Process_2023,Protein Homotetramerization (GO:0051289),1/53,0.0667054043220935,0.1162229130519912,0,0,15.324615384615385,41.49092576513871,TK1
GO_Biological_Process_2023,Gonad Development (GO:0008406),1/53,0.0667054043220935,0.1162229130519912,0,0,15.324615384615385,41.49092576513871,WNT4
GO_Biological_Process_2023,Mesenchymal Cell Differentiation (GO:0048762),1/54,0.0679219085557706,0.1176208660356027,0,0,15.034716981132076,40.43431729208938,WNT4
GO_Biological_Process_2023,Negative Regulation Of Gene Expression (GO:0010629),2/336,0.0702106134711053,0.1194650048281661,0,0,4.900199600798403,13.016183563399387,SLC7A5;WNT4
GO_Biological_Process_2023,Regulation Of Reactive Oxygen Species Metabolic Process (GO:2000377),1/56,0.0703503446941226,0.1194650048281661,0,0,14.486545454545457,38.45116817407706,DCXR
GO_Biological_Process_2023,Positive Regulation Of Cellular Metabolic Process (GO:0031325),1/56,0.0703503446941226,0.1194650048281661,0,0,14.486545454545457,38.45116817407706,DCXR
GO_Biological_Process_2023,Signal Transduction In Response To DNA Damage (GO:0042770),1/57,0.0715622802585043,0.1194650048281661,0,0,14.227142857142857,37.51963840746828,E2F1
GO_Biological_Process_2023,Glycosaminoglycan Biosynthetic Process (GO:0006024),1/58,0.072772696603073,0.1194650048281661,0,0,13.976842105263158,36.62511888924771,ST3GAL1
GO_Biological_Process_2023,Renal System Development (GO:0072001),1/58,0.072772696603073,0.1194650048281661,0,0,13.976842105263158,36.62511888924771,WNT4
GO_Biological_Process_2023,Muscle Organ Development (GO:0007517),1/58,0.072772696603073,0.1194650048281661,0,0,13.976842105263158,36.62511888924771,CACNA1H
GO_Biological_Process_2023,Regulation Of Bone Mineralization (GO:0030500),1/58,0.072772696603073,0.1194650048281661,0,0,13.976842105263158,36.62511888924771,WNT4
GO_Biological_Process_2023,Positive Regulation Of Type II Interferon Production (GO:0032729),1/58,0.072772696603073,0.1194650048281661,0,0,13.976842105263158,36.62511888924771,SLC7A5
GO_Biological_Process_2023,Negative Regulation Of Transcription By RNA Polymerase II (GO:0000122),3/763,0.0750616000785681,0.1225143357604215,0,0,3.2975972540045766,8.53895057356796,CBX8;CBX4;E2F1
GO_Biological_Process_2023,Negative Regulation Of Kinase Activity (GO:0033673),1/62,0.0775992062809014,0.1259324261930058,0,0,13.057704918032789,33.378080243086835,PPM1E
GO_Biological_Process_2023,G1/S Transition Of Mitotic Cell Cycle (GO:0000082),1/63,0.0788020538757809,0.1264394536763943,0,0,12.846451612903223,32.64047260238857,E2F1
GO_Biological_Process_2023,Inorganic Anion Transmembrane Transport (GO:0098661),1/63,0.0788020538757809,0.1264394536763943,0,0,12.846451612903223,32.64047260238857,SLC25A10
GO_Biological_Process_2023,Protein N-linked Glycosylation (GO:0006487),1/64,0.0800033931884584,0.1269327579079453,0,0,12.641904761904762,31.929484782564348,ST3GAL1
GO_Biological_Process_2023,Response To Metal Ion (GO:0010038),1/64,0.0800033931884584,0.1269327579079453,0,0,12.641904761904762,31.929484782564348,ITPKA
GO_Biological_Process_2023,Canonical Wnt Signaling Pathway (GO:0060070),1/65,0.0812032260122347,0.1281206454859703,0,0,12.44375,31.243771275296563,WNT4
GO_Biological_Process_2023,Cholesterol Metabolic Process (GO:0008203),1/67,0.0835983795138284,0.1311709380216977,0,0,12.065454545454546,29.94321429852069,G6PD
GO_Biological_Process_2023,Establishment Of Protein Localization To Membrane (GO:0090150),1/69,0.0859875288365276,0.1327198814650752,0,0,11.709411764705882,28.729662442835576,ZDHHC11B
GO_Biological_Process_2023,Cellular Response To Calcium Ion (GO:0071277),1/69,0.0859875288365276,0.1327198814650752,0,0,11.709411764705882,28.729662442835576,ITPKA
GO_Biological_Process_2023,Regulation Of Heart Contraction (GO:0008016),1/69,0.0859875288365276,0.1327198814650752,0,0,11.709411764705882,28.729662442835576,CACNA1H
GO_Biological_Process_2023,Sulfur Compound Biosynthetic Process (GO:0044272),1/70,0.0871798564516168,0.1331133292056945,0,0,11.539130434782608,28.152962485204668,ST3GAL1
GO_Biological_Process_2023,Regulation Of G Protein-Coupled Receptor Signaling Pathway (GO:0008277),1/70,0.0871798564516168,0.1331133292056945,0,0,11.539130434782608,28.152962485204668,GNG4
GO_Biological_Process_2023,Kidney Development (GO:0001822),1/71,0.0883706884427819,0.1342100295066849,0,0,11.373714285714286,27.59507555769093,WNT4
GO_Biological_Process_2023,Protein Targeting To Membrane (GO:0006612),1/72,0.0895600265977508,0.1345769711839218,0,0,11.212957746478873,27.05514238024048,ZDHHC11B
GO_Biological_Process_2023,Cholesterol Homeostasis (GO:0042632),1/72,0.0895600265977508,0.1345769711839218,0,0,11.212957746478873,27.05514238024048,TMEM97
GO_Biological_Process_2023,Sterol Homeostasis (GO:0055092),1/73,0.0907478727271731,0.134584128511561,0,0,11.056666666666668,26.53235403248719,TMEM97
GO_Biological_Process_2023,Protein Tetramerization (GO:0051262),1/73,0.0907478727271731,0.134584128511561,0,0,11.056666666666668,26.53235403248719,TK1
GO_Biological_Process_2023,Gland Development (GO:0048732),1/74,0.0919342286311367,0.134584128511561,0,0,10.904657534246576,26.025948367758343,WNT4
GO_Biological_Process_2023,Regulation Of mRNA Stability (GO:0043488),1/74,0.0919342286311367,0.134584128511561,0,0,10.904657534246576,26.025948367758343,E2F1
GO_Biological_Process_2023,Regulation Of Cell Cycle G1/S Phase Transition (GO:1902806),1/74,0.0919342286311367,0.134584128511561,0,0,10.904657534246576,26.025948367758343,E2F1
GO_Biological_Process_2023,Regulation Of Fat Cell Differentiation (GO:0045598),1/75,0.0931190960947256,0.1349276698515411,0,0,10.756756756756756,25.53520672349185,E2F1
GO_Biological_Process_2023,Regulation Of Stress Fiber Assembly (GO:0051492),1/75,0.0931190960947256,0.1349276698515411,0,0,10.756756756756756,25.53520672349185,PPM1E
GO_Biological_Process_2023,Wnt Signaling Pathway (GO:0016055),1/76,0.0943024769061604,0.1359487484332465,0,0,10.6128,25.05945090071607,WNT4
GO_Biological_Process_2023,Negative Regulation Of Blood Vessel Morphogenesis (GO:2000181),1/77,0.0954843728779991,0.1369573833199583,0,0,10.472631578947368,24.598040389517,WNT4
GO_Biological_Process_2023,Negative Regulation Of Protein Modification Process (GO:0031400),1/78,0.0966647857687068,0.1379537646146369,0,0,10.336103896103896,24.150369828536576,G6PD
GO_Biological_Process_2023,Positive Regulation Of Protein Modification By Small Protein Conjugation Or Removal (GO:1903322),1/79,0.0978437173977227,0.1389380787047663,0,0,10.203076923076924,23.715866645497695,CENPX
GO_Biological_Process_2023,Glycoprotein Biosynthetic Process (GO:0009101),1/80,0.0990211695219052,0.1399105081802044,0,0,10.073417721518988,23.293988907916823,ST3GAL1
GO_Biological_Process_2023,Macromolecule Modification (GO:0043412),1/81,0.1001971439303288,0.1408712320604623,0,0,9.947,22.884223317764803,ST3GAL1
GO_Biological_Process_2023,Cellular Response To Organic Substance (GO:0071310),1/82,0.1013716424127319,0.1418204258385017,0,0,9.823703703703703,22.4860833724728,CACNA1H
GO_Biological_Process_2023,Calcium Ion Transmembrane Import Into Cytosol (GO:0097553),1/83,0.1025446667410963,0.1420618797779091,0,0,9.70341463414634,22.099107663504576,CACNA1H
GO_Biological_Process_2023,Vascular Transport (GO:0010232),1/83,0.1025446667410963,0.1420618797779091,0,0,9.70341463414634,22.099107663504576,SLC7A5
GO_Biological_Process_2023,Positive Regulation Of Protein Ubiquitination (GO:0031398),1/84,0.1037162186753394,0.1427468964796339,0,0,9.58602409638554,21.722858299676936,CENPX
GO_Biological_Process_2023,Transport Across Blood-Brain Barrier (GO:0150104),1/85,0.1048863000143068,0.1427468964796339,0,0,9.471428571428572,21.35691944281389,SLC7A5
GO_Biological_Process_2023,Regulation Of Osteoblast Differentiation (GO:0045667),1/85,0.1048863000143068,0.1427468964796339,0,0,9.471428571428572,21.35691944281389,WNT4
GO_Biological_Process_2023,Exocytosis (GO:0006887),1/86,0.1060549125253618,0.1427468964796339,0,0,9.359529411764706,21.000895961244385,SYNGR1
GO_Biological_Process_2023,Regulation Of Mitotic Cell Cycle Phase Transition (GO:1901990),1/86,0.1060549125253618,0.1427468964796339,0,0,9.359529411764706,21.000895961244385,E2F1
GO_Biological_Process_2023,Negative Regulation Of Binding (GO:0051100),1/86,0.1060549125253618,0.1427468964796339,0,0,9.359529411764706,21.000895961244385,E2F1
GO_Biological_Process_2023,Regulation Of Type II Interferon Production (GO:0032649),1/87,0.1072220579803898,0.1436370965397675,0,0,9.250232558139537,20.654412170825523,SLC7A5
GO_Biological_Process_2023,Negative Regulation Of Protein Kinase Activity (GO:0006469),1/88,0.1083877381251965,0.1445169841669287,0,0,9.143448275862069,20.317110671548264,PPM1E
GO_Biological_Process_2023,Cellular Response To Chemical Stress (GO:0062197),1/89,0.1095519547385849,0.1453867062885893,0,0,9.039090909090907,19.988651258599795,G6PD
GO_Biological_Process_2023,Protein O-linked Glycosylation (GO:0006493),1/93,0.1141942211727404,0.1502739707492258,0,0,8.644347826086957,18.756977771089673,ST3GAL1
GO_Biological_Process_2023,Peptidyl-Lysine Modification (GO:0018205),1/94,0.1153511465610254,0.1502739707492258,0,0,8.550967741935484,18.46816083576708,CBX4
GO_Biological_Process_2023,Cellular Response To Hormone Stimulus (GO:0032870),1/94,0.1153511465610254,0.1502739707492258,0,0,8.550967741935484,18.46816083576708,CACNA1H
GO_Biological_Process_2023,Muscle Contraction (GO:0006936),1/94,0.1153511465610254,0.1502739707492258,0,0,8.550967741935484,18.46816083576708,CACNA1H
GO_Biological_Process_2023,Cellular Response To Transforming Growth Factor Beta Stimulus (GO:0071560),1/96,0.1176606401638211,0.1525827479750009,0,0,8.370105263157894,17.91161285774819,WNT4
GO_Biological_Process_2023,Phosphatidylinositol Biosynthetic Process (GO:0006661),1/98,0.1199643358649244,0.1548630517529025,0,0,8.196701030927835,17.38160274385576,ITPKA
GO_Biological_Process_2023,Visual Perception (GO:0007601),1/101,0.1234090388971042,0.1585889911618896,0,0,7.9496,16.63255792501928,E2F1
GO_Biological_Process_2023,Sensory Perception Of Light Stimulus (GO:0050953),1/102,0.124554389413718,0.1593398495202519,0,0,7.87049504950495,16.39434189671731,E2F1
GO_Biological_Process_2023,Inorganic Cation Import Across Plasma Membrane (GO:0098659),1/103,0.1256983009202251,0.1600821410822598,0,0,7.792941176470588,16.161552220124815,CACNA1H
GO_Biological_Process_2023,Intrinsic Apoptotic Signaling Pathway (GO:0097193),1/105,0.1279818137759736,0.1622587738334266,0,0,7.642307692307693,15.711568991148608,E2F1
GO_Biological_Process_2023,Regulation Of G1/S Transition Of Mitotic Cell Cycle (GO:2000045),1/106,0.129121418613924,0.1622587738334266,0,0,7.569142857142857,15.494051230927994,E2F1
GO_Biological_Process_2023,Response To Calcium Ion (GO:0051592),1/106,0.129121418613924,0.1622587738334266,0,0,7.569142857142857,15.494051230927994,ITPKA
GO_Biological_Process_2023,Mitotic Cell Cycle Phase Transition (GO:0044772),1/111,0.1347979959975485,0.1686459509396642,0,0,7.223272727272727,14.475279251354008,E2F1
GO_Biological_Process_2023,Calcium Ion Transport (GO:0006816),1/112,0.1359290341840525,0.1693151127555742,0,0,7.157837837837838,14.284341073134293,CACNA1H
GO_Biological_Process_2023,Regulation Of Protein Ubiquitination (GO:0031396),1/113,0.137058650616631,0.169976667140276,0,0,7.093571428571429,14.097383202443446,CENPX
GO_Biological_Process_2023,Cellular Response To Molecule Of Bacterial Origin (GO:0071219),1/117,0.1415629330687553,0.1740427402230585,0,0,6.847586206896552,13.38710570127578,PPM1E
GO_Biological_Process_2023,Cellular Response To Oxidative Stress (GO:0034599),1/117,0.1415629330687553,0.1740427402230585,0,0,6.847586206896552,13.38710570127578,G6PD
GO_Biological_Process_2023,Regulation Of Protein Kinase Activity (GO:0045859),1/119,0.1438065882864303,0.1760390994540784,0,0,6.730847457627118,13.053038371424424,PPM1E
GO_Biological_Process_2023,Modulation Of Chemical Synaptic Transmission (GO:0050804),1/123,0.148276994905322,0.1797757122784576,0,0,6.508852459016394,12.423272038159292,DLGAP3
GO_Biological_Process_2023,Protein Dephosphorylation (GO:0006470),1/124,0.1493910848511126,0.1797757122784576,0,0,6.455609756097561,12.273325742164896,PPM1E
GO_Biological_Process_2023,Negative Regulation Of Growth (GO:0045926),1/124,0.1493910848511126,0.1797757122784576,0,0,6.455609756097561,12.273325742164896,GNG4
GO_Biological_Process_2023,Cellular Response To Lipopolysaccharide (GO:0071222),1/124,0.1493910848511126,0.1797757122784576,0,0,6.455609756097561,12.273325742164896,PPM1E
GO_Biological_Process_2023,Negative Regulation Of Cell Growth (GO:0030308),1/125,0.1505037734851112,0.1803505133745637,0,0,6.403225806451613,12.126218507747616,GNG4
GO_Biological_Process_2023,Protein Homooligomerization (GO:0051260),1/129,0.1549405489192802,0.184113455619563,0,0,6.201875,11.564721842549098,TK1
GO_Biological_Process_2023,Protein Targeting (GO:0006605),1/129,0.1549405489192802,0.184113455619563,0,0,6.201875,11.564721842549098,ZDHHC11B
GO_Biological_Process_2023,Positive Regulation Of Nucleic Acid-Templated Transcription (GO:1903508),2/557,0.1627437235540526,0.1925800728722956,0,0,2.915765765765766,5.293801820771463,E2F1;WNT4
GO_Biological_Process_2023,Negative Regulation Of Cellular Biosynthetic Process (GO:0031327),1/137,0.163747350080978,0.1929636822531028,0,0,5.834705882352941,10.55749529148292,WNT4
GO_Biological_Process_2023,Protein Glycosylation (GO:0006486),1/147,0.1746317998036308,0.2040964244618566,0,0,5.432328767123288,9.47982396276961,ST3GAL1
GO_Biological_Process_2023,Dephosphorylation (GO:0016311),1/147,0.1746317998036308,0.2040964244618566,0,0,5.432328767123288,9.47982396276961,PPM1E
GO_Biological_Process_2023,Negative Regulation Of Protein Phosphorylation (GO:0001933),1/149,0.1767922823882948,0.2049347273399009,0,0,5.3583783783783785,9.284889715044615,PPM1E
GO_Biological_Process_2023,Negative Regulation Of DNA-binding Transcription Factor Activity (GO:0043433),1/149,0.1767922823882948,0.2049347273399009,0,0,5.3583783783783785,9.284889715044615,E2F1
GO_Biological_Process_2023,Regulation Of Gene Expression (GO:0010468),3/1127,0.1783533813420695,0.2059039036632022,0,0,2.18745164784156,3.771141284665967,SLC7A5;E2F1;WNT4
GO_Biological_Process_2023,Regulation Of Cellular Component Organization (GO:0051128),1/153,0.1810969457938083,0.2082248283621116,0,0,5.2163157894736845,8.913237611851748,TMEM97
GO_Biological_Process_2023,Epithelium Development (GO:0060429),1/154,0.1821697250085765,0.2086137173485311,0,0,5.181960784313725,8.823928178053572,WNT4
GO_Biological_Process_2023,Cellular Response To Growth Factor Stimulus (GO:0071363),1/155,0.1832411528538297,0.2089979414075808,0,0,5.148051948051948,8.735998174132183,WNT4
GO_Biological_Process_2023,Response To Lipopolysaccharide (GO:0032496),1/159,0.1875133831097736,0.2130152032127028,0,0,5.016708860759493,8.397494344231353,PPM1E
GO_Biological_Process_2023,Membrane Organization (GO:0061024),1/167,0.1959934725280854,0.2217615386373556,0,0,4.773012048192771,7.778453272609529,SYNGR1
GO_Biological_Process_2023,Generation Of Neurons (GO:0048699),1/172,0.2012502417640551,0.2268058280198082,0,0,4.632280701754386,7.426500962257755,WNT4
GO_Biological_Process_2023,Neuron Differentiation (GO:0030182),1/173,0.2022976224741386,0.2270850781923137,0,0,4.605116279069767,7.359046213993185,WNT4
GO_Biological_Process_2023,Phosphate-Containing Compound Metabolic Process (GO:0006796),1/184,0.213731998112055,0.2389759348969434,0,0,4.325901639344262,6.675006363071844,G6PD
GO_Biological_Process_2023,Regulation Of Signal Transduction (GO:0009966),1/193,0.22297001541117,0.2483273897128325,0,0,4.12125,6.1848339610717185,GNG4
GO_Biological_Process_2023,Endomembrane System Organization (GO:0010256),1/196,0.2260260956636538,0.2507476998768659,0,0,4.057230769230769,6.033527428058542,SYNGR1
GO_Biological_Process_2023,DNA-templated Transcription (GO:0006351),1/199,0.2290706167765272,0.2531364014184192,0,0,3.995151515151515,5.8877544779398665,E2F1
GO_Biological_Process_2023,Regulation Of Apoptotic Process (GO:0042981),2/705,0.2329337700363078,0.2564077158539203,0,0,2.2843764817449026,3.328339080054612,CBX4;E2F1
GO_Biological_Process_2023,Protein Modification Process (GO:0036211),2/711,0.2358420596593017,0.2586067372325934,0,0,2.2643394452280208,3.2710487689321344,PPM1E;ST3GAL1
GO_Biological_Process_2023,Negative Regulation Of Cell Differentiation (GO:0045596),1/207,0.2371331473674609,0.2590223609706111,0,0,3.8384466019417474,5.524037063494148,E2F1
GO_Biological_Process_2023,Cellular Response To Lipid (GO:0071396),1/228,0.2579134044515974,0.2806414056101673,0,0,3.479647577092511,4.715379665027979,PPM1E
GO_Biological_Process_2023,Positive Regulation Of Programmed Cell Death (GO:0043068),1/245,0.2743358122474619,0.2973716438102259,0,0,3.234426229508197,4.183414424289192,E2F1
GO_Biological_Process_2023,Positive Regulation Of Signal Transduction (GO:0009967),1/266,0.2941402221338582,0.3176267037491093,0,0,2.974943396226415,3.640434304991801,TEDC2
GO_Biological_Process_2023,Positive Regulation Of Apoptotic Process (GO:0043065),1/270,0.2978530990765768,0.3204177277944993,0,0,2.9301115241635687,3.5488188425394007,E2F1
GO_Biological_Process_2023,Chemical Synaptic Transmission (GO:0007268),1/273,0.3006254256249686,0.3221797014244947,0,0,2.8973529411764707,3.4823001706182133,PTPRN2
GO_Biological_Process_2023,Positive Regulation Of Cell Differentiation (GO:0045597),1/283,0.3097907030668895,0.3304833036892143,0,0,2.793191489361702,3.273224800451882,WNT4
GO_Biological_Process_2023,Inorganic Cation Transmembrane Transport (GO:0098662),1/284,0.3107008524120431,0.3304833036892143,0,0,2.7831802120141345,3.253328147437778,CACNA1H
GO_Biological_Process_2023,DNA Repair (GO:0006281),1/291,0.3170396620039504,0.3359674030191116,0,0,2.715034482758621,3.118837207005913,CENPX
GO_Biological_Process_2023,Positive Regulation Of Cytokine Production (GO:0001819),1/320,0.3427084224939016,0.3618185575772046,0,0,2.464576802507837,2.6392543575261227,SLC7A5
GO_Biological_Process_2023,Proteolysis (GO:0006508),1/330,0.3513426569535359,0.3695604243511266,0,0,2.388449848024316,2.498302541005302,TPSG1
GO_Biological_Process_2023,Protein Modification By Small Protein Conjugation (GO:0032446),1/364,0.3798907813800664,0.3966506687938929,0,0,2.16099173553719,2.091562280136057,CBX4
GO_Biological_Process_2023,Positive Regulation Of Macromolecule Metabolic Process (GO:0010604),1/364,0.3798907813800664,0.3966506687938929,0,0,2.16099173553719,2.091562280136057,E2F1
GO_Biological_Process_2023,Negative Regulation Of Cell Population Proliferation (GO:0008285),1/379,0.3920978548260916,0.407896669489414,0,0,2.0736507936507937,1.9414427832883123,E2F1
GO_Biological_Process_2023,Negative Regulation Of Programmed Cell Death (GO:0043069),1/381,0.3937079009705576,0.4080768024658334,0,0,2.0625263157894738,1.9225756814106825,CBX4
GO_Biological_Process_2023,DNA Damage Response (GO:0006974),1/384,0.3961152846302677,0.4090790575818038,0,0,2.0460574412532635,1.8947514674712271,E2F1
GO_Biological_Process_2023,Regulation Of Nucleic Acid-Templated Transcription (GO:1903506),1/452,0.4482810821729101,0.4612747367286466,0,0,1.731529933481153,1.389266770915738,E2F1
GO_Biological_Process_2023,Regulation Of DNA-templated Transcription (GO:0006355),3/1922,0.4623256181393064,0.4740089370092527,0,0,1.227201667535175,0.946768703177986,CBX4;E2F1;WNT4
GO_Biological_Process_2023,Positive Regulation Of Gene Expression (GO:0010628),1/480,0.4684769533908186,0.4773209741172008,0,0,1.6279749478079333,1.234441911457539,E2F1
GO_Biological_Process_2023,Negative Regulation Of Apoptotic Process (GO:0043066),1/482,0.4698919861771772,0.4773209741172008,0,0,1.6210395010395011,1.2242940179647492,CBX4
GO_Biological_Process_2023,Positive Regulation Of Cell Population Proliferation (GO:0008284),1/483,0.4705981434958318,0.4773209741172008,0,0,1.6175933609958506,1.219262205275663,E2F1
GO_Biological_Process_2023,Positive Regulation Of DNA-templated Transcription (GO:0045893),2/1243,0.4866515822729697,0.4918471507669872,0,0,1.2579237174321785,0.905965276509456,E2F1;WNT4
GO_Biological_Process_2023,Regulation Of Transcription By RNA Polymerase II (GO:0006357),3/2028,0.4992255546002466,0.5027661613704612,0,0,1.156135265700483,0.8031640152964309,CBX8;CBX4;E2F1
GO_Biological_Process_2023,Negative Regulation Of Cellular Process (GO:0048523),1/537,0.507416136803315,0.5092091266860123,0,0,1.450597014925373,0.9841195817808558,GNG4
GO_Biological_Process_2023,Positive Regulation Of Transcription By RNA Polymerase II (GO:0045944),1/938,0.7134146208346256,0.7134146208346256,0,0,0.8126787620064034,0.2744355323354861,E2F1
