gene,drug,approved,interaction_score
TNFSF11,DENOSUMAB,True,43.50316546573794
PTGDS,ANTRAFENINE,True,26.10189927944276
GNG4,MOXETUMOMAB PASUDOTOX,True,8.700633093147589
LTF,BACITRACIN,True,8.700633093147589
LTF,PARECOXIB,True,6.525474819860691
GNG4,INOTUZUMAB OZOGAMICIN,True,6.525474819860691
DIO1,PROPYLTHIOURACIL,True,5.220379855888553
MYCN,DINUTUXIMAB,True,4.971790338941479
PPP1R1B,LUMATEPERONE,True,3.728842754206109
NPY1R,METOPROLOL TARTRATE,True,2.610189927944276
SLC7A5,MELPHALAN,True,2.610189927944276
PLCE1,HYDROCHLOROTHIAZIDE,True,2.269730372125458
JUN,BRUCEANTIN,True,2.269730372125457
TNFSF11,LENALIDOMIDE,True,2.007838406110982
PLAT,6-AMINOCAPROIC ACID,True,1.933474020699464
PLAT,TRANEXAMIC ACID,True,1.933474020699464
IGF2BP2,REPAGLINIDE,True,1.864421377103054
PPP1R1B,FLUOXETINE HYDROCHLORIDE,True,1.864421377103054
TGFB2,LUSPATERCEPT,True,1.864421377103054
HBB,BETIBEGLOGENE AUTOTEMCEL,True,1.800130984789156
HBB,CRIZANLIZUMAB,True,1.800130984789156
CCL18,FINAFLOXACIN,True,1.740126618629517
CCL18,GREPAFLOXACIN HYDROCHLORIDE,True,1.740126618629517
CCL18,GEMIFLOXACIN MESYLATE,True,1.740126618629517
CCL18,BESIFLOXACIN HYDROCHLORIDE,True,1.740126618629517
CCL18,CIPROFLOXACIN HYDROCHLORIDE,True,1.740126618629517
CCL18,DELAFLOXACIN MEGLUMINE,True,1.740126618629517
CCL18,OZENOXACIN,True,1.740126618629517
CCL18,ALATROFLOXACIN MESYLATE,True,1.740126618629517
PGR,ULIPRISTAL ACETATE,True,1.657263446313826
CTNNB1,FLUORESCEIN SODIUM,True,1.581933289663198
PTPRN2,OLANZAPINE,True,1.37378417260225
LAMC2,OCRIPLASMIN,True,1.37378417260225
PTGS2,ETORICOXIB,True,1.338558937407321
NTRK2,LAROTRECTINIB,True,1.33172955507361
SLC4A8,DEHYDRATED ALCOHOL,True,1.321615153389507
SLC7A5,GABAPENTIN,True,1.305094963972138
COCH,VINCRISTINE,True,1.288982680466309
PGR,MEGESTROL,True,1.242947584735369
EGFR,AFATINIB,True,1.223526528723879
SLPI,HEPARIN,True,1.223526528723879
UGDH,ASPIRIN,True,1.173119068739
JUN,SODIUM SELENITE,True,1.134865186062728
JUN,COPPER CHLORIDE,True,1.134865186062728
EGFR,MOBOCERTINIB,True,1.087579136643448
CDKN2A,PALBOCICLIB,True,1.02360389331148
FOS,MAGNESIUM SULFATE ANHYDROUS,True,1.003919203055491
LTF,RESERPINE,True,1.003919203055491
PGR,ETONOGESTREL,True,0.9943580677882957
PLAT,RETEPLASE,True,0.9667370103497321
PLAT,TENECTEPLASE,True,0.9667370103497321
HBB,VOXELOTOR,True,0.9000654923945781
PTGS2,OMEGA-3 FATTY ACIDS,True,0.8923726249382141
PTGS2,CARPROFEN,True,0.8923726249382141
PTGS2,VALDECOXIB,True,0.8923726249382141
PGR,PROGESTOGEN,True,0.8286317231569131
PGR,DESOGESTREL,True,0.8286317231569131
PGR,NOMEGESTROL,True,0.8286317231569131
PGR,DYDROGESTERONE,True,0.8286317231569131
PGR,ETHYNODIOL DIACETATE,True,0.8286317231569131
PGR,GESTODENE,True,0.8286317231569131
PGR,SEGESTERONE ACETATE,True,0.8286317231569131
CDKN2A,ABEMACICLIB,True,0.7850195272012861
SRC,TIRBANIBULIN,True,0.7733896082797855
CACNA1H,ETHOSUXIMIDE,True,0.7284250961704957
IGF2BP2,EPIRUBICIN,True,0.725052757762299
BMP7,PEGASPARGASE,True,0.6960506474518071
IGF2BP2,OXALIPLATIN,True,0.6868920863011254
EGFR,NECITUMUMAB,True,0.6797369604021554
PTGS2,ETODOLAC,True,0.6692794687036606
PGR,NORGESTIMATE,True,0.6629053785255304
ALDH1A3,MACITENTAN,True,0.6214737923676849
ADCY2,LITHIUM,True,0.6214737923676849
PGR,DROSPIRENONE,True,0.6214737923676849
ALDH1A3,BOSENTAN ANHYDROUS,True,0.6214737923676849
ALDH1A3,APROCITENTAN,True,0.6214737923676849
EGFR,CETUXIMAB,True,0.6172746451219573
CACNA1H,SODIUM BICARBONATE,True,0.6070209134754131
GJA1,BLEOMYCIN,True,0.5932249836236992
EGFR,DACOMITINIB ANHYDROUS,True,0.589105365681868
CCL18,TROVAFLOXACIN MESYLATE,True,0.5800422062098393
CCL18,ENOXACIN,True,0.5800422062098393
CCL18,SPARFLOXACIN,True,0.5800422062098393
ERBB2,NERATINIB,True,0.5686688296174894
EGFR,ERLOTINIB,True,0.5680658883360871
JUN,CIPROFIBRATE,True,0.5674325930313644
GJA1,SELENIUM,True,0.558329396351717
GJA1,EPIGALLOCATECHIN GALLATE,True,0.558329396351717
PGR,NORELGESTROMIN,True,0.5524211487712755
GJA1,LABETALOL,True,0.5273110965543993
CDKN2A,RIBOCICLIB,True,0.5178948269730707
AKT1,CAPIVASERTIB,True,0.5146853379045052
ALDH1A3,AMBRISENTAN,True,0.4971790338941479
MYC,QUINAPRIL,True,0.4971790338941478
GJA1,PROPYLTHIOURACIL,True,0.4745799868989593
PGR,LEVONORGESTREL,True,0.4735038418039504
ERBB2,PERTUZUMAB,True,0.4691517844344287
ERBB2,TRASTUZUMAB,True,0.4675721487966024
ERBB2,DACOMITINIB ANHYDROUS,True,0.4549350636939915
HBB,LUSPATERCEPT,True,0.450032746197289
MYC,THYROTROPIN,True,0.4474611305047331
PTGS2,ROBENACOXIB,True,0.446186312469107
PTGS2,TOLMETIN,True,0.446186312469107
PTGS2,NEPAFENAC,True,0.446186312469107
PTGS2,PARECOXIB,True,0.446186312469107
PTGS2,SALSALATE,True,0.446186312469107
PTGS2,PARECOXIB SODIUM,True,0.446186312469107
PTGS2,LUMIRACOXIB,True,0.446186312469107
SLC1A1,LIDOCAINE,True,0.4386873828477775
CCL18,NORFLOXACIN,True,0.4350316546573794
CCL18,PEFLOXACIN,True,0.4350316546573794
CCL18,MOXIFLOXACIN,True,0.4350316546573794
TUBA3D,PODOFILOX,True,0.4143158615784566
MYCN,SONIDEGIB,True,0.4143158615784566
PGR,ONAPRISTONE,True,0.4143158615784565
PGR,DIENOGEST,True,0.4143158615784565
PGR,NORETHYNODREL,True,0.4143158615784565
PGR,NORGESTREL,True,0.4143158615784565
ERBB2,MARGETUXIMAB,True,0.4094415573245923
CACNA1H,PHENSUXIMIDE,True,0.4046806089836087
CACNA1H,PARAMETHADIONE,True,0.4046806089836087
CACNA1H,METHSUXIMIDE,True,0.4046806089836087
FOS,BACLOFEN,True,0.4015676812221964
TUBA3D,COLCHICINE,True,0.3824454106878061
JUN,QUINAPRIL HYDROCHLORIDE,True,0.3782883953542429
JUN,AMINEPTIN,True,0.3782883953542429
NPY1R,ECONAZOLE NITRATE,True,0.372884275420611
SLC1A1,ASPARTIC ACID,True,0.3728842754206109
GJA1,ASCORBIC ACID,True,0.3650615283838149
GJA1,CARVEDILOL,True,0.3650615283838149
ERBB2,LAPATINIB,True,0.3632142847234287
EGFR,NERATINIB,True,0.3625263788811495
PLAT,UROKINASE,True,0.3625263788811495
PTGS2,DIFLUNISAL,True,0.3569490499752856
NTRK2,LAROTRECTINIB SULFATE,True,0.3551278813529628
PGR,MEDROXYPROGESTERONE,True,0.3551278813529628
GJA1,VITAMIN A,True,0.3515407310362662
PLAT,NAPROXEN SODIUM,True,0.3412012977704937
ERBB2,TBO-FILGRASTIM,True,0.3412012977704936
ERBB2,FAM-TRASTUZUMAB DERUXTECAN-NXKI,True,0.3412012977704936
ERBB2,TIPIRACIL,True,0.3412012977704936
PTGS2,DEXIBUPROFEN,True,0.3346397343518303
PTGS2,SUPROFEN,True,0.3346397343518303
GAPDH,BRINZOLAMIDE,True,0.3346397343518303
PTGS2,MELOXICAM,True,0.3346397343518303
PGR,NORETHINDRONE,True,0.3314526892627652
BMP7,THIOGUANINE,True,0.3163866579326396
NPY1R,METHADONE HYDROCHLORIDE,True,0.3070811679934443
CACNA1H,TRIMETHADIONE,True,0.3035104567377065
MYC,AMIFOSTINE ANHYDROUS,True,0.2983074203364887
PTGS2,BROMFENAC,True,0.2974575416460714
PTGS2,SALICYLIC ACID,True,0.2974575416460714
PTGS2,ROFECOXIB,True,0.2974575416460714
CCL18,LEVOFLOXACIN ANHYDROUS,True,0.2900211031049196
PLAT,MELPHALAN,True,0.2900211031049196
JUN,DIPHENHYDRAMINE HYDROCHLORIDE,True,0.2837162965156822
JUN,AZELASTINE HYDROCHLORIDE,True,0.2837162965156822
PTGS2,FLURBIPROFEN,True,0.2788664452931919
FGFR4,PALIFERMIN,True,0.27767977956854
CDKN2A,TRAMETINIB DIMETHYL SULFOXIDE,True,0.27767977956854
FGFR4,INFIGRATINIB PHOSPHATE,True,0.27767977956854
CDKN2A,DABRAFENIB,True,0.2762105743856377
PGR,ALLYLESTRENOL,True,0.2762105743856377
PGR,CHLORMADINONE ACETATE,True,0.2762105743856377
EGFR,AMIVANTAMAB,True,0.2718947841608621
EGFR,LAPATINIB,True,0.2718947841608621
EGFR,OSIMERTINIB MESYLATE,True,0.2718947841608621
ABCA4,SILODOSIN,True,0.2718947841608621
EGFR,OLMUTINIB,True,0.2718947841608621
EGFR,MOBOCERTINIB SUCCINATE,True,0.2718947841608621
TUBA3D,PACLITAXEL,True,0.2711885639422625
GAPDH,DICHLORPHENAMIDE,True,0.2677117874814642
GAPDH,DORZOLAMIDE,True,0.2677117874814642
NTRK2,CORTICOTROPIN,True,0.2663459110147221
NTRK2,CENEGERMIN,True,0.2663459110147221
GJA1,ATENOLOL,True,0.2636555482771996
ERBB2,TUCATINIB,True,0.2559009733278702
PTGS2,KETOPROFEN,True,0.254963607125204
FOS,URSODIOL,True,0.2509798007638728
CCL18,GATIFLOXACIN ANHYDROUS,True,0.2485895169470739
ERBB2,AFATINIB,True,0.246423159500912
BMP7,PREDNISONE,True,0.2320168824839356
ERBB2,NERATINIB MALEATE,True,0.2274675318469957
MYCN,EFLORNITHINE,True,0.2259904699518854
IGF2BP2,FLUOROURACIL,True,0.2250163730986445
PTGS2,BENZYDAMINE HYDROCHLORIDE,True,0.2230931562345535
PTGS2,FLURBIPROFEN SODIUM,True,0.2230931562345535
PTGS2,FENOPROFEN CALCIUM,True,0.2230931562345535
PTGS2,LOXOPROFEN,True,0.2230931562345535
PTGS2,CLOMETACIN,True,0.2230931562345535
PTGS2,ACEMETACIN,True,0.2230931562345535
PTGS2,ISOXICAM,True,0.2230931562345535
PTGS2,DICLOFENAC POTASSIUM,True,0.2230931562345535
PTGS2,OXAPROZIN,True,0.2230931562345535
PTGS2,FENCLOFENAC,True,0.2230931562345535
PTGS2,AMINOSALICYLIC ACID,True,0.2230931562345535
PTGS2,DICLOFENAC EPOLAMINE,True,0.2230931562345535
GAPDH,METHOCARBAMOL,True,0.2230931562345535
PTGS2,OXAPROZIN POTASSIUM,True,0.2230931562345535
PTGS2,IBUPROFEN LYSINE,True,0.2230931562345535
PTGS2,NABUMETONE,True,0.2230931562345535
PTGS2,ALOXIPRIN,True,0.2230931562345535
PTGS2,PIRPROFEN,True,0.2230931562345535
PTGS2,INDOMETHACIN SODIUM,True,0.2230931562345535
PTGS2,BROMFENAC SODIUM,True,0.2230931562345535
TUBA3D,VINBLASTINE,True,0.2193436914238887
ABCA4,DAPIPRAZOLE,True,0.2175158273286897
FOS,PILOCARPINE HYDROCHLORIDE,True,0.211351411169577
FOS,NIMODIPINE,True,0.211351411169577
NRG1,PROGESTIN,True,0.2109244386217597
PGR,MEGESTROL ACETATE,True,0.2071579307892282
PGR,HYDROXYPROGESTERONE CAPROATE (USP),True,0.2071579307892282
PGR,PERTUZUMAB,True,0.2071579307892282
JUN,CINNARIZINE,True,0.206339124738678
JUN,EFLORNITHINE,True,0.206339124738678
MYC,ESTRONE,True,0.2033914229566968
CACNA1H,OXATOMIDE,True,0.2023403044918043
CACNA1H,NAFTOPIDIL,True,0.2023403044918043
CDKN2A,VEMURAFENIB,True,0.2015590677949248
CDKN2A,COBIMETINIB,True,0.1962548818003215
SRC,INTERLEUKIN-11,True,0.1933474020699463
TUBA3D,VINORELBINE,True,0.191222705343903
JUN,TRIFLUPROMAZINE HYDROCHLORIDE,True,0.1891441976771214
JUN,MECHLORETHAMINE HYDROCHLORIDE,True,0.1891441976771214
MYC,GLUTAMINE,True,0.1864421377103054
MYC,CALCITRIOL,True,0.1864421377103054
PGR,GOSERELIN ACETATE,True,0.1841403829237584
EGFR,NERATINIB MALEATE,True,0.1812631894405747
EGFR,ERLOTINIB HYDROCHLORIDE,True,0.1812631894405747
ABCA4,METHOXAMINE,True,0.1812631894405747
PTGS2,FENOPROFEN,True,0.1784745249876428
CDKN2A,TEMOZOLOMIDE,True,0.1775639406764813
EGFR,PANITUMUMAB,True,0.1767316097045603
JUN,GEMFIBROZIL,True,0.1745946440096506
CACNA1H,MIBEFRADIL DIHYDROCHLORIDE,True,0.1734345467072609
PLAT,EPOETIN ALFA,True,0.1706006488852468
ERBB2,ELACESTRANT,True,0.1706006488852468
SRC,BOSUTINIB,True,0.1681281757129968
PTGS2,KETOROLAC TROMETHAMINE,True,0.1673198671759151
GAPDH,HISTIDINE,True,0.1673198671759151
FOS,THROMBIN,True,0.1673198671759151
CDKN2A,SAPANISERTIB,True,0.1621235980089612
ERBB2,ADO-TRASTUZUMAB EMTANSINE,True,0.1605653165978793
CCL18,CIPROFLOXACIN,True,0.1581933289663198
GAPDH,DEFEROXAMINE,True,0.1574775220479201
GAPDH,SELENIUM,True,0.1574775220479201
PTGS2,NAPROXEN SODIUM,True,0.1574775220479201
EGFR,OSIMERTINIB,True,0.1553684480919212
SLC1A1,CLOZAPINE,True,0.1537667115136539
TGFBR3,DEXAMETHASONE,True,0.1535405839967221
ACTB,ETHINYL ESTRADIOL,True,0.1491537101682443
PTGS2,ACECLOFENAC,True,0.1487287708230357
PTGS2,TOLMETIN SODIUM,True,0.1487287708230357
PTGS2,IBUFENAC,True,0.1487287708230357
PTGS2,APAZONE,True,0.1487287708230357
GAPDH,CHLORTHALIDONE,True,0.1487287708230356
MYCN,NIRAPARIB,True,0.1462291276159258
TGFBR3,TRETINOIN,True,0.1434170290079272
JUN,CLOFIBRATE,True,0.1418581482578411
JUN,ATOMOXETINE HYDROCHLORIDE,True,0.1418581482578411
PGR,NORETHINDRONE ACETATE,True,0.1381052871928188
PLAT,ALTEPLASE,True,0.1381052871928188
NRG1,BUPIVACAINE,True,0.1364805191081974
EGFR,RAMUCIRUMAB,True,0.135947392080431
GAPDH,METHAZOLAMIDE,True,0.1338558937407321
BMP7,CYTARABINE,True,0.1305094963972138
FOS,BROMOCRIPTINE,True,0.1295379616845794
BMP7,VINCRISTINE,True,0.1288982680466309
BMP7,CYCLOPHOSPHAMIDE ANHYDROUS,True,0.1288982680466309
PGR,TOREMIFENE,True,0.127481803562602
PGR,ANASTROZOLE,True,0.127481803562602
PTGS2,MEFENAMIC ACID,True,0.127481803562602
PTGS2,MECLOFENAMATE,True,0.127481803562602
PTGS2,PHENYLBUTAZONE,True,0.127481803562602
PTGS2,MECLOFENAMATE SODIUM,True,0.127481803562602
NPY1R,HEXACHLOROPHENE,True,0.1273263379485013
RPL19,ATALUREN,True,0.1273263379485013
HSP90AB1,DIACETYLRHEIN,True,0.1260961317847476
BMP7,DEXAMETHASONE,True,0.1228324671973777
TUBA3D,VINCRISTINE,True,0.1227602552825056
AKT1,NELFINAVIR,True,0.1225441280725012
CTNNB1,LENALIDOMIDE,True,0.1216871761279383
ABCA4,ALFUZOSIN,True,0.1208421262937165
ABCA4,TAMSULOSIN HYDROCHLORIDE,True,0.1208421262937165
PGR,CYPROTERONE ACETATE,True,0.1183759604509876
PLAT,RALOXIFENE HYDROCHLORIDE,True,0.1160084412419678
TP53,ZANUBRUTINIB,True,0.1154951295550564
BMP7,DAUNORUBICIN LIPOSOMAL,True,0.1147336232063418
SRC,DASATINIB ANHYDROUS,True,0.1144820143835208
ERBB2,AFATINIB DIMALEATE,True,0.1137337659234978
ERBB2,TRIFLURIDINE,True,0.1137337659234978
SRC,MASITINIB,True,0.1137337659234978
JUN,SERTRALINE HYDROCHLORIDE,True,0.1134865186062728
CTNNB1,OSIMERTINIB,True,0.1129952349759427
HBB,PHENAZOPYRIDINE HYDROCHLORIDE,True,0.1125081865493222
NTRK2,PILOCARPINE HYDROCHLORIDE,True,0.1121456467430408
NTRK2,ENTRECTINIB,True,0.1121456467430408
PTGS2,ESFLURBIPROFEN,True,0.1115465781172767
PTGS2,DEXKETOPROFEN,True,0.1115465781172767
PTGS2,BISMUTH SUBSALICYLATE,True,0.1115465781172767
PTGS2,BALSALAZIDE,True,0.1115465781172767
PTGS2,BENZYDAMINE,True,0.1115465781172767
PTGS2,OLSALAZINE SODIUM,True,0.1115465781172767
PTGS2,BALSALAZIDE DISODIUM,True,0.1115465781172767
SLC1A1,RISPERIDONE,True,0.1113087389315256
PGR,NERATINIB,True,0.110484229754255
NRG1,ALTEPLASE,True,0.110484229754255
CACNA1H,LAMOTRIGINE,True,0.1103674388137114
CDKN2A,EVEROLIMUS,True,0.1096718457119443
EGFR,LAZERTINIB,True,0.1087579136643448
EGFR,VANDETANIB,True,0.1078203454431004
FOS,PHENOBARBITAL,True,0.1056757055847885
CTNNB1,TEMSIROLIMUS,True,0.1054622193108798
PLAT,ATORVASTATIN CALCIUM TRIHYDRATE,True,0.1054622193108798
PGR,EXEMESTANE,True,0.1035789653946141
CDKN2A,LETROZOLE,True,0.1035789653946141
GAPDH,HISTAMINE,True,0.1029660721082554
FGFR4,FUTIBATINIB,True,0.1009744652976509
CDKN2A,CETUXIMAB,True,0.1007795338974624
PTGS2,INDOMETHACIN,True,0.100391920305549
MYC,SOMATROPIN (RECOMBINANT DNA ORIGIN),True,0.09943580677882959
ABCA4,PHENOXYBENZAMINE,True,0.09887083060394987
SLC1A1,OLANZAPINE,True,0.09812744090016076
SLC1A1,HALOPERIDOL DECANOATE,True,0.09812744090016076
MYCN,ARSENIC TRIOXIDE,True,0.09561135267195153
GAPDH,ACETAZOLAMIDE,True,0.09561135267195152
GAPDH,SULPIRIDE,True,0.09561135267195152
BMP7,METHOTREXATE,True,0.09491599737979188
SLC1A1,DEHYDRATED ALCOHOL,True,0.09440108238496478
CDKN2A,PANITUMUMAB,True,0.09322106885515273
PGR,RIBOCICLIB,True,0.09207019146187924
PGR,LETROZOLE,True,0.09207019146187924
ABCA4,DOXAZOSIN MESYLATE,True,0.09063159472028738
ABCA4,CYPROHEPTADINE HYDROCHLORIDE,True,0.09063159472028738
EGFR,AFATINIB DIMALEATE,True,0.09063159472028738
GAPDH,ETHOXZOLAMIDE,True,0.08923726249382141
PTGS2,LORNOXICAM,True,0.08923726249382141
PTGS2,DIPYRONE,True,0.08923726249382141
FGFR4,NINTEDANIB ESYLATE,True,0.08885752946193282
TUBA3D,VORINOSTAT,True,0.08878197033824071
MYCN,TALAZOPARIB,True,0.08878197033824071
PGR,MIFEPRISTONE,True,0.0887819703382407
JUN,FENOFIBRATE MICRONIZED,True,0.0872973220048253
MYCN,ETOPOSIDE,True,0.08572052308519791
FGFR4,ERDAFITINIB,True,0.08543993217493541
ERBB2,GANCICLOVIR,True,0.08530032444262341
EGFR,GEFITINIB,True,0.08522075324444933
PGR,PROGESTERONE,True,0.0842676328634149
ABCA4,TERAZOSIN,True,0.08365993358795759
ABCA4,CLONIDINE HYDROCHLORIDE,True,0.08365993358795759
MYC,METHYLPREDNISOLONE,True,0.0828631723156913
PGR,MEDROXYPROGESTERONE ACETATE,True,0.0828631723156913
FGFR4,INFIGRATINIB,True,0.08227549024253039
FMO5,METFORMIN,True,0.0795789612178133
MYCN,PANOBINOSTAT,True,0.0776842240459606
TP53,OBINUTUZUMAB,True,0.07699675303670432
TP53,BENDAMUSTINE,True,0.07699675303670432
TP53,TRIFLURIDINE,True,0.07699675303670432
NTRK2,REPOTRECTINIB,True,0.07609883171849204
JUN,TROPISETRON,True,0.0756576790708486
PGR,PROGESTIN,True,0.07533015665062848
PGR,IXABEPILONE,True,0.07533015665062848
TUBA3D,CURCUMIN,True,0.07533015665062848
HBB,TOPOTECAN HYDROCHLORIDE,True,0.07500545769954818
NRG1,LAPATINIB,True,0.07484415563997925
EGFR,BRIGATINIB,True,0.0741531229529624
ABCA4,PHENTOLAMINE,True,0.07250527577622991
ABCA4,PRAZOSIN,True,0.07250527577622991
NRG1,ISOPROTERENOL,True,0.0725052757762299
CTNNB1,CABOZANTINIB S-MALATE,True,0.07190605862105445
MYC,SULINDAC,True,0.07102557627059256
BMP7,DOXORUBICIN HYDROCHLORIDE,True,0.07054567372822369
CTNNB1,EVEROLIMUS,True,0.06979117454396461
PGR,ERIBULIN MESYLATE,True,0.06905264359640943
PTGS2,PIROXICAM-BETA-CYCLODEXTRIN,True,0.06864404807217032
PLAT,BORTEZOMIB,True,0.06824025955409874
ERBB2,CHLORAMBUCIL,True,0.06824025955409872
EGFR,TEGAFUR,True,0.06797369604021554
EGFR,LOMUSTINE,True,0.06797369604021554
ABCA4,PHENYLEPHRINE,True,0.06797369604021554
EGFR,TEPOTINIB,True,0.06797369604021554
JUN,BUPROPION HYDROCHLORIDE,True,0.06675677565074875
NRG1,DACTINOMYCIN,True,0.06629053785255305
PGR,FULVESTRANT,True,0.06629053785255305
PTGS2,DICLOFENAC SODIUM,True,0.0656156341866334
FGFR4,EVEROLIMUS,True,0.06533641872200942
NRG1,AFATINIB,True,0.06444913402331547
CDKN2A,SIROLIMUS,True,0.06429039231389842
PGR,TAMOXIFEN,True,0.06374090178130101
PTGS2,GLAFENINE,True,0.06374090178130101
PTGS2,SULINDAC,True,0.063740901781301
HSP90AB1,TETRACYCLINE,True,0.06304806589237383
NRG1,CETUXIMAB,True,0.06270726553619883
NTRK2,METHADONE HYDROCHLORIDE,True,0.06266962612111109
MYC,FOLIC ACID,True,0.06214737923676848
MYC,THROMBIN,True,0.06214737923676848
HBB,VITAMIN K3,True,0.06207348223410883
ERBB2,MECHLORETHAMINE,True,0.06203659959463521
PGR,TRASTUZUMAB,True,0.06138012764125283
MYCN,CYCLOPHOSPHAMIDE ANHYDROUS,True,0.06138012764125283
MYCN,VINCRISTINE,True,0.06138012764125283
JUN,CLOTRIMAZOLE,True,0.06134406411149885
AKT1,TOPOTECAN HYDROCHLORIDE,True,0.06127206403625062
PTGS2,MESALAMINE,True,0.06084358806396915
ABCA4,LABETALOL,True,0.06042106314685825
AKT1,NINTEDANIB ESYLATE,True,0.05882118147480059
NRG1,PANITUMUMAB,True,0.05800422062098392
TP53,PIRTOBRUTINIB,True,0.05774756477752824
TP53,GLUTARAL,True,0.05774756477752824
TP53,BENZALKONIUM CHLORIDE,True,0.05774756477752824
MYC,TROGLITAZONE,True,0.05736681160317091
GAPDH,ESTRADIOL VALERATE,True,0.05695995478329026
JUN,VINBLASTINE SULFATE,True,0.05674325930313644
HSP90AB1,BEVACIZUMAB,True,0.05674325930313644
CTNNB1,NIROGACESTAT,True,0.05649761748797136
MYCN,TRETINOIN,True,0.05463505866968658
HBB,THIOGUANINE,True,0.05454942378148958
ABCA4,OXYMETAZOLINE HYDROCHLORIDE,True,0.05437895683217243
MYCN,OLAPARIB,True,0.05404119933632043
JUN,METHIMAZOLE,True,0.05404119933632041
ERBB2,ABEMACICLIB,True,0.05387388912165689
GAPDH,ZONISAMIDE,True,0.05354235749629284
PGR,LAPATINIB,True,0.05346011117141375
PGR,DANAZOL,True,0.05178948269730707
HBB,CAMPTOTHECIN,True,0.05143231385111875
MYC,MELATONIN,True,0.05143231385111874
FOS,DEHYDRATED ALCOHOL,True,0.05083135205344258
NTRK2,LITHIUM,True,0.05073255447899468
NRG1,NICOTINE POLACRILEX,True,0.05043845271389907
ERBB2,EVEROLIMUS,True,0.05017666143683731
PTGS2,HYDROXYCHLOROQUINE,True,0.0495762569410119
AKT1,TRIFLUOPERAZINE,True,0.0490176512290005
ERBB2,FLOXURIDINE,True,0.04874304253864196
ERBB2,OSIMERTINIB,True,0.04874304253864196
CACNA1H,ZONISAMIDE,True,0.04856167307803304
MYC,BROMOCRIPTINE,True,0.04811410005427237
HBB,AZATHIOPRINE,True,0.04737186802076727
CACNA1H,SULOCTIDIL,True,0.04669391642118563
CACNA1H,PREGABALIN,True,0.04669391642118563
CACNA1H,BEPRIDIL HYDROCHLORIDE,True,0.04669391642118563
CACNA1H,PHLOROGLUCINOL,True,0.04669391642118563
TP53,TRABECTEDIN,True,0.04619805182202258
TP53,SELINEXOR,True,0.04619805182202258
TP53,ZINC CHLORIDE,True,0.04619805182202258
TP53,ALECTINIB,True,0.04619805182202258
PTGS2,"IBUPROFEN, SODIUM SALT",True,0.04576269871478021
MYC,THIOGUANINE,True,0.04519809399037708
MYC,WARFARIN,True,0.04519809399037708
MYC,DIETHYLSTILBESTROL,True,0.04519809399037708
HBB,AZACITIDINE,True,0.0450032746197289
CACNA1H,GABAPENTIN ENACARBIL,True,0.04496451210928986
NRG1,COLCHICINE,True,0.04461863124691071
CTNNB1,LETROZOLE,True,0.04394259137953327
JUN,ARSENIC TRIOXIDE,True,0.04364866100241265
PGR,ABEMACICLIB,True,0.04361219595562701
CDKN2A,CARBOPLATIN,True,0.04335863667681523
AKT1,EVEROLIMUS,True,0.04325086873147103
CTNNB1,CETUXIMAB,True,0.04275495377468102
CTNNB1,THALIDOMIDE,True,0.04275495377468102
FGFR4,PONATINIB,True,0.0427199660874677
ERBB2,VITAMIN E,True,0.0426501622213117
NTRK2,CRIZOTINIB,True,0.04261534576235553
GAPDH,TAMOXIFEN,True,0.04118642884330219
ERBB2,FULVESTRANT,True,0.04094415573245923
CDKN2A,GEMCITABINE,True,0.04053089950224032
HBB,MERCAPTOPURINE,True,0.04000291077309236
NRG1,GENISTEIN,True,0.04000291077309236
NRG1,PROGESTERONE,True,0.03932489533626029
MYC,POLATUZUMAB VEDOTIN,True,0.0392509763600643
CACNA1H,TERODILINE HYDROCHLORIDE,True,0.03916263957905891
EGFR,TREMELIMUMAB,True,0.03884211202298031
EGFR,CEMIPLIMAB,True,0.03884211202298031
TP53,FURAZOLIDONE,True,0.03849837651835216
TP53,DOXORUBICIN LIPOSOME,True,0.03849837651835216
TP53,ALEMTUZUMAB,True,0.03849837651835216
TP53,SULCONAZOLE NITRATE,True,0.03849837651835216
ERBB2,LETROZOLE,True,0.03791125530783262
ERBB2,RIBOCICLIB,True,0.03791125530783262
ERBB2,SACITUZUMAB GOVITECAN,True,0.03791125530783262
AKT1,LOVASTATIN,True,0.03770588556076961
MYC,AZACITIDINE,True,0.03728842754206109
MYC,INDOMETHACIN,True,0.03728842754206109
PTGS2,INDOPROFEN,True,0.03718219270575892
SRC,PONATINIB,True,0.03718219270575892
PTGS2,SULFASALAZINE,True,0.03718219270575892
ACTB,CYCLOPHOSPHAMIDE ANHYDROUS,True,0.0368280765847517
FOS,PACLITAXEL,True,0.03650615283838149
CACNA1H,CELECOXIB,True,0.03624005453584556
PGR,OLAPARIB,True,0.03602746622421362
CACNA1H,PIMOZIDE,True,0.03570711255737724
NRG1,TAMOXIFEN,True,0.03569490499752856
ERBB2,GEFITINIB,True,0.03564789678199188
MYC,TEMOZOLOMIDE,True,0.03551278813529628
MYC,LITHIUM,True,0.03551278813529628
HSP90AB1,DAUNORUBICIN HYDROCHLORIDE,True,0.03438985412311299
PTGS2,OXYPHENBUTAZONE,True,0.03432202403608516
PTGS2,RESERPINE,True,0.03432202403608516
ERBB2,CAPIVASERTIB,True,0.03412012977704936
EGFR,TUCATINIB,True,0.03398684802010777
EGFR,PACRITINIB,True,0.03398684802010777
ABCA4,NOREPINEPHRINE,True,0.03398684802010777
EGFR,PERTUZUMAB,True,0.03398684802010777
CDKN2A,PACLITAXEL,True,0.03389857049278282
MYCN,CISPLATIN,True,0.03382170298599646
CTNNB1,TRAMETINIB DIMETHYL SULFOXIDE,True,0.03365815509921698
GAPDH,EPINEPHRINE,True,0.03346397343518303
MYC,VERAPAMIL,True,0.03314526892627652
MYC,PREDNISONE,True,0.03314526892627652
TP53,LEVONORGESTREL,True,0.03299860844430185
ERBB2,ALITRETINOIN,True,0.03249536169242796
TP53,RITUXIMAB,True,0.03208198043196013
ERBB2,IXABEPILONE,True,0.0310182997973176
GAPDH,TOPIRAMATE,True,0.03042179403198457
CACNA1H,GABAPENTIN,True,0.03035104567377065
EGFR,ATEZOLIZUMAB,True,0.03021053157342912
AKT1,RESVERATROL,True,0.03001080687489826
AKT1,FULVESTRANT,True,0.02941059073740029
NRG1,CYTARABINE,True,0.02900211031049196
NRG1,VINCRISTINE,True,0.02864405956591798
PGR,SIROLIMUS,True,0.02857350769506596
ERBB2,ERIBULIN MESYLATE,True,0.02843344148087447
EGFR,SIROLIMUS,True,0.02812704663733056
FGFR4,CYCLOPHOSPHAMIDE ANHYDROUS,True,0.0274251634141768
NRG1,DEXAMETHASONE,True,0.02729610382163949
AKT1,DABRAFENIB,True,0.02723202846055583
ABCA4,EPINEPHRINE,True,0.02718947841608621
EGFR,DURVALUMAB,True,0.02718947841608621
TP53,LORLATINIB,True,0.02665272220501303
PTGS2,CELECOXIB,True,0.0266379888041258
MYC,VORINOSTAT,True,0.02663459110147221
ERBB2,ANASTROZOLE,True,0.02624625367465336
ERBB2,TAMOXIFEN,True,0.02624625367465336
ERBB2,MOMELOTINIB,True,0.02624625367465336
NRG1,ASPIRIN,True,0.02606931263864446
PTGS2,ACETAMINOPHEN,True,0.02574151802706387
TP53,IDELALISIB,True,0.0256655843455681
PTGS2,ATENOLOL,True,0.02478812847050595
NTRK2,CYCLOSPORINE,True,0.02449157802434226
ERBB2,ROMIDEPSIN,True,0.02437152126932098
ERBB2,TALAZOPARIB,True,0.02437152126932098
HSP90AB1,MASOPROCOL,True,0.0241460677885687
CTNNB1,CELECOXIB,True,0.02361094462183877
PTGS2,OXALIPLATIN,True,0.023483490129953
TP53,CRIZOTINIB,True,0.02309902591101129
TP53,CAPIVASERTIB,True,0.02309902591101129
TP53,THIOTEPA,True,0.02309902591101129
AKT1,NORTRIPTYLINE,True,0.02297702401359398
ERBB2,ZOLEDRONIC ACID ANHYDROUS,True,0.02274675318469957
AKT1,TRIMIPRAMINE,True,0.02228075055863658
CTNNB1,IMATINIB,True,0.02197129568976663
NTRK2,CLOZAPINE,True,0.02196667307337914
MYC,IBRUTINIB,True,0.02193436914238887
JUN,COLCHICINE,True,0.02182433050120632
ERBB2,MASOPROCOL,True,0.0217788062406698
ERBB2,EXEMESTANE,True,0.02132508111065585
TP53,CINNARIZINE,True,0.02099911446455572
TP53,VENETOCLAX,True,0.02099911446455572
TP53,BRIGATINIB,True,0.02099911446455572
EGFR,MOMELOTINIB,True,0.02091498339698939
EGFR,NIVOLUMAB,True,0.02091498339698939
EGFR,PEMETREXED DISODIUM,True,0.02091498339698939
EGFR,NITROGLYCERIN,True,0.02091498339698939
MYC,IMATINIB,True,0.02071579307892282
ERBB2,DIETHYLSTILBESTROL,True,0.02067886653154507
ERBB2,PEMBROLIZUMAB,True,0.02067886653154507
TP53,CERITINIB,True,0.02038149345089231
PTGS2,CURCUMIN,True,0.02028119602132305
HSP90AB1,DIPYRIDAMOLE,True,0.02026544975112016
FGFR4,METHOTREXATE,True,0.02019489305953019
ERBB2,PALBOCICLIB,True,0.02007066457473492
PTGS2,ASPIRIN,True,0.02005331741434189
PGR,DOCETAXEL ANHYDROUS,True,0.01996702947366056
SRC,CLOZAPINE,True,0.01993272186288107
AKT1,VEMURAFENIB,True,0.01987202076851371
FGFR4,ERLOTINIB,True,0.01983426996918143
CTNNB1,CYCLOPHOSPHAMIDE ANHYDROUS,True,0.0195300406131259
AKT1,CLOMIPRAMINE,True,0.01934907285355282
TP53,EPIRUBICIN,True,0.01924918825917608
TP53,ANISINDIONE,True,0.01924918825917608
TP53,MECHLORETHAMINE HYDROCHLORIDE,True,0.01924918825917608
TP53,METHYLPREDNISOLONE,True,0.01924918825917608
FGFR4,FLUOROURACIL,True,0.01915032962541655
ERBB2,EPIRUBICIN,True,0.01895562765391631
ERBB2,ALPELISIB,True,0.01895562765391631
AKT1,DESIPRAMINE,True,0.0188529427803848
EGFR,PEGINTERFERON ALFA-2A,True,0.01875136442488704
CTNNB1,DEXAMETHASONE,True,0.01861097987839056
EGFR,IPILIMUMAB,True,0.01812631894405747
PTGS2,RALOXIFENE HYDROCHLORIDE,True,0.01784745249876428
PTGS2,CAPECITABINE,True,0.0174975024497689
TP53,DABRAFENIB,True,0.01711038956371207
EGFR,PEGINTERFERON ALFA-2B,True,0.01699342401005388
SRC,ENTRECTINIB,True,0.01696029842718828
AKT1,DOXEPIN HYDROCHLORIDE,True,0.01671056291897744
SRC,VANDETANIB,True,0.01666787948878848
TP53,SALMETEROL XINAFOATE,True,0.01649930422215092
TP53,INTERFERON ALFA-2B,True,0.01649930422215092
TP53,TEMOZOLOMIDE,True,0.01649930422215092
TP53,ETHOPROPAZINE HYDROCHLORIDE,True,0.01649930422215092
TP53,IFOSFAMIDE,True,0.01649930422215092
TP53,ABIRATERONE ACETATE,True,0.01649930422215092
TP53,PRAMLINTIDE,True,0.01649930422215092
TP53,DUVELISIB,True,0.01649930422215092
TP53,OSIMERTINIB,True,0.01649930422215092
EGFR,PEMBROLIZUMAB,True,0.01647847176732498
AKT1,AMITRIPTYLINE HYDROCHLORIDE,True,0.01633921707633349
ERBB2,HYDROCORTISONE BUTYRATE,True,0.01624768084621398
PGR,PALBOCICLIB,True,0.01624768084621398
ABCA4,RISPERIDONE,True,0.01623252442751415
MYC,OLAPARIB,True,0.01621235980089612
EGFR,LIDOCAINE,True,0.01599381083299189
EGFR,IBRUTINIB,True,0.01599381083299189
HBB,FLUOROURACIL,True,0.0155183705585272
TP53,INOSITOL,True,0.01539935060734086
TP53,IPILIMUMAB,True,0.01539935060734086
EGFR,LEUCOVORIN CALCIUM,True,0.01510526578671456
TP53,SAPANISERTIB,True,0.01506458211587693
ERBB2,OLAPARIB,True,0.01483483903349972
NTRK2,CISPLATIN,True,0.01449501556542705
TP53,CLOFIBRATE,True,0.01443689119438206
TP53,ENZALUTAMIDE,True,0.01443689119438206
TP53,RUXOLITINIB,True,0.01443689119438206
TP53,TRIFLUPROMAZINE,True,0.01443689119438206
TP53,URSODIOL,True,0.01443689119438206
NTRK2,DOXORUBICIN HYDROCHLORIDE,True,0.01439707627106606
EGFR,RIBAVIRIN,True,0.01431025179794011
EGFR,LENVATINIB,True,0.01431025179794011
TP53,PEMBROLIZUMAB,True,0.01399940964303714
CTNNB1,SORAFENIB,True,0.0137559416492452
ERBB2,CRIZOTINIB,True,0.01364805191081974
TP53,ACALABRUTINIB,True,0.01358766230059488
TP53,IBRUTINIB,True,0.01358766230059488
NRG1,CARBOPLATIN,True,0.01348935363278695
ERBB2,CAPECITABINE,True,0.01338044304982328
TP53,CISPLATIN,True,0.01335657960840789
ERBB2,NIVOLUMAB,True,0.01312312683732668
SRC,DOXORUBICIN HYDROCHLORIDE,True,0.01306401365337475
TP53,ENCORAFENIB,True,0.01283279217278405
TP53,IODOQUINOL,True,0.01283279217278405
NRG1,GEMCITABINE,True,0.01260961317847476
ERBB2,ERLOTINIB,True,0.01218576063466049
ERBB2,VORINOSTAT,True,0.01218576063466049
TP53,ENALAPRIL MALEATE,True,0.01215738205842699
PTGS2,THALIDOMIDE,True,0.01205908952619208
ERBB2,CARBOPLATIN,True,0.01190237085245908
TP53,SERTRALINE HYDROCHLORIDE,True,0.01154951295550564
TP53,PROPYLTHIOURACIL,True,0.01154951295550564
TP53,TRIFLUOPERAZINE,True,0.01154951295550564
TP53,CHLORAMBUCIL,True,0.01154951295550564
TP53,PANITUMUMAB,True,0.01154951295550564
TP53,CHLOROXINE,True,0.01154951295550564
TP53,CLEMASTINE,True,0.01154951295550564
ABCA4,CLOZAPINE,True,0.0112121560478706
TP53,METHIMAZOLE,True,0.01099953614810061
TP53,AXITINIB,True,0.01099953614810061
TP53,DOXORUBICIN HYDROCHLORIDE,True,0.01092521495791074
EGFR,CRIZOTINIB,True,0.01087579136643448
NRG1,PACLITAXEL,True,0.01054622193108798
TP53,GRANISETRON,True,0.01049955723227786
TP53,SELUMETINIB,True,0.01049955723227786
TP53,CABOZANTINIB S-MALATE,True,0.01049955723227786
ERBB2,CURCUMIN,True,0.01033943326577253
PTGS2,CYCLOSPORINE,True,0.01025715660848522
EGFR,TRASTUZUMAB,True,0.01007017719114304
ERBB2,IBRUTINIB,True,0.01003533228736746
EGFR,TALAZOPARIB,True,0.009710528005745078
TP53,INDOPROFEN,True,0.00962459412958804
TP53,NITAZOXANIDE,True,0.00962459412958804
TP53,MITOMYCIN,True,0.00962459412958804
TP53,LOPERAMIDE,True,0.00962459412958804
TP53,DECITABINE,True,0.00962459412958804
TP53,TOPOTECAN HYDROCHLORIDE,True,0.00962459412958804
EGFR,CARBOPLATIN,True,0.009484701773053331
TP53,CARBOPLATIN,True,0.009400766359132503
TP53,VEMURAFENIB,True,0.009364469963923499
NTRK2,SORAFENIB,True,0.009264205600512073
TP53,FULVESTRANT,True,0.009239610364404518
ERBB2,CETUXIMAB,True,0.009221656696499828
TP53,OXALIPLATIN,True,0.009118036543820249
TP53,MAPROTILINE,True,0.008884240735004345
TP53,LENALIDOMIDE,True,0.008884240735004345
TP53,NIVOLUMAB,True,0.008884240735004345
TP53,FENOFIBRATE MICRONIZED,True,0.008884240735004345
TP53,AZACITIDINE,True,0.008662134716629235
TP53,BEVACIZUMAB,True,0.008662134716629235
TP53,ECONAZOLE NITRATE,True,0.008249652111075463
TP53,VORINOSTAT,True,0.008249652111075463
EGFR,CURCUMIN,True,0.00823923588366249
EGFR,REGORAFENIB,True,0.00823923588366249
TP53,PAZOPANIB,True,0.008104921372284666
TP53,FLUOROURACIL,True,0.007965181348624584
NRG1,CISPLATIN,True,0.007891730696732506
TP53,CLADRIBINE,True,0.007699675303670432
TP53,AMOXAPINE,True,0.007699675303670432
HSP90AB1,DOXORUBICIN HYDROCHLORIDE,True,0.007668008013937357
EGFR,IMATINIB,True,0.007552632893357281
TP53,GEMCITABINE,True,0.007532291057938466
TP53,OLAPARIB,True,0.007532291057938466
ERBB2,GEMCITABINE,True,0.007417419516749862
TP53,ASTEMIZOLE,True,0.00721844559719103
TP53,BENZETHONIUM CHLORIDE,True,0.00721844559719103
EGFR,SORAFENIB,True,0.007092907412892056
TP53,DIETHYLSTILBESTROL,True,0.006999704821518574
EGFR,DEHYDRATED ALCOHOL,True,0.006883412257237016
EGFR,BEVACIZUMAB,True,0.006797369604021553
TP53,CAPECITABINE,True,0.00679383115029744
EGFR,METFORMIN,True,0.006631580101484442
TP53,CAMPTOTHECIN,True,0.00659972168886037
TP53,CLIOQUINOL,True,0.006416396086392026
TP53,PYRITHIONE ZINC,True,0.006416396086392026
TP53,TRIAMTERENE,True,0.006416396086392026
TP53,ALPELISIB,True,0.006416396086392026
TP53,PACLITAXEL,True,0.006299734339366717
TP53,CLOTRIMAZOLE,True,0.006242979975948999
TP53,ABEMACICLIB,True,0.006078691029213499
TP53,TAMOXIFEN CITRATE,True,0.006078691029213499
TP53,ETOPOSIDE,True,0.005973886011468438
ERBB2,VANDETANIB,True,0.005882780996042993
ERBB2,SIROLIMUS,True,0.005882780996042993
TP53,HYDRALAZINE,True,0.005774756477752823
TP53,MELPHALAN,True,0.005774756477752823
TP53,CYCLOPHOSPHAMIDE ANHYDROUS,True,0.005703463187904024
TP53,IRINOTECAN HYDROCHLORIDE,True,0.005499768074050308
TP53,IXAZOMIB,True,0.005499768074050308
ERBB2,IRINOTECAN HYDROCHLORIDE,True,0.005415893615404661
TP53,FLUPHENAZINE HYDROCHLORIDE,True,0.005249778616138931
MYC,CISPLATIN,True,0.005073255447899468
TP53,THIMEROSAL,True,0.005021527371958978
EGFR,PACLITAXEL,True,0.004943541530197494
TP53,TRAMETINIB DIMETHYL SULFOXIDE,True,0.004914686364044956
TP53,SUNITINIB,True,0.00481229706479402
TP53,BITHIONOL,True,0.00481229706479402
EGFR,FLUOROURACIL,True,0.00468784110622176
TP53,"PAROXETINE HYDROCHLORIDE, HEMIHYDRATE",True,0.004619805182202259
TP53,PALBOCICLIB,True,0.004529220766864959
ERBB2,DASATINIB ANHYDROUS,True,0.004489490760138074
TP53,PERPHENAZINE,True,0.004442120367502173
TP53,NICLOSAMIDE,True,0.004277597390928017
TP53,FENRETINIDE,True,0.004277597390928017
TP53,APOMORPHINE,True,0.004277597390928017
TP53,DOCETAXEL ANHYDROUS,True,0.004174522755002042
TP53,ERLOTINIB,True,0.004124826055537731
TP53,PROCHLORPERAZINE,True,0.004124826055537731
ERBB2,DOCETAXEL ANHYDROUS,True,0.004110859009283056
TP53,DOPAMINE,True,0.003982590674312292
TP53,VITAMIN K3,True,0.003982590674312292
TP53,SIROLIMUS,True,0.003982590674312292
TP53,THIORIDAZINE,True,0.003982590674312292
TP53,NORTRIPTYLINE,True,0.003609222798595515
TP53,MITOXANTRONE HYDROCHLORIDE,True,0.003609222798595515
TP53,TAMOXIFEN,True,0.003553696294001737
TP53,WARFARIN,True,0.003499852410759287
TP53,DAUNORUBICIN HYDROCHLORIDE,True,0.003499852410759287
TP53,PIMOZIDE,True,0.00339691557514872
TP53,CHLORPROMAZINE,True,0.003121489987974499
TP53,CETUXIMAB,True,0.003121489987974499
ERBB2,PACLITAXEL,True,0.003101829979731761
TP53,AZATHIOPRINE,True,0.003039345514606749
TP53,HALOPERIDOL DECANOATE,True,0.003039345514606749
TP53,CLOMIPRAMINE,True,0.003039345514606749
TP53,RIBAVIRIN,True,0.003039345514606749
TP53,CYTARABINE,True,0.002887378238876411
TP53,HEXACHLOROPHENE,True,0.002816954379391621
TP53,MITOXANTRONE,True,0.002624889308069465
TP53,MERCAPTOPURINE,True,0.00256655843455681
TP53,MASOPROCOL,True,0.002457343182022478
TP53,RESVERATROL,True,0.002357043460307275
TP53,RALOXIFENE HYDROCHLORIDE,True,0.002309902591101129
TP53,METHOTREXATE,True,0.002099911446455572
TP53,SORAFENIB,True,0.002008610948783591
TP53,GENISTEIN,True,0.001991295337156146
EGFR,CISPLATIN,True,0.001849624382046681
TP53,BORTEZOMIB,True,0.001358766230059488
